HIV,O=C(O)CC1:C:C:C(SSC2:C:C:C(CC(=O)O):C:C:2):C:C:1,1,5187
HIV,NNP(=S)(NN)C1:C:C:C:C:C:1,1,5188
HIV,O=NC1:C:C:C(O):C(N=O):C:1O,1,5189
HIV,OC1:C:C:C(Cl):C:C:1C(C1:C:C(Cl):C:C:C:1O)C(Cl)(Cl)Cl,1,5190
HIV,NNC(=O)C1:C:C:C:C:C:1SSC1:C:C:C:C:C:1C(=O)NN,1,5191
HIV,O=C(NN=CC1:C:C:C(Cl):C:C:1Cl)C1:C:C:C:C:C:1SSC1:C:C:C:C:C:1C(=O)NN=CC1:C:C:C(Cl):C:C:1Cl,1,5192
HIV,S=C1:[NH]:[NH]:C(=S):S:1,1,5193
HIV,CC1:C:C(C2:C:C:C(N=NC3:C:C(S(=O)(=O)O):C4:C:C:C:C:C:4:C:3N):C(C):C:2):C:C:C:1N=NC1:C:C(S(=O)(=O)O):C2:C:C:C:C:C:2:C:1N,1,5194
HIV,NC1:C:C:C2:C:C:C:C:C:2:C:1N=NC1:C:C:C(C=CC2:C:C:C(N=NC3:C(N):C:C:C4:C:C:C:C:C:3:4):C:C:2S(=O)(=O)O):C(S(=O)(=O)O):C:1,1,5195
HIV,CC1:C(C(=O)O):C(O):C:C2:C:1C(=O)C1:C(O):C(OC3OC(CO)C(O)C(O)C3O):C(O):C(O):C:1C2=O,1,5196
HIV,O=S(=O)(O)C1:C:C2:C:C:C:1:C:C:C1:C:C:C(:C:C:1S(=O)(=O)O):N:N:C1:C:C:C(:C:C:C3:C:C:C(:C:C:3S(=O)(=O)O):N:N:2):C(S(=O)(=O)O):C:1,1,5197
HIV,NC1:C(N=NC2:C:C:C(C3:C:C:C(N=NC4:C:C(S(=O)(=O)O):C5:C:C:C:C:C:5:C:4O):C:C:3):C:C:2):C:C(S(=O)(=O)O):C2:C:C:C:C:C:1:2,1,5198
HIV,O=S(C1:C:C:C:C:C:1O)S(=O)C1:C:C:C:C:C:1O,1,5199
HIV,O=S1(=O)OC(C2:C:C(Cl):C(O):C(Br):C:2)(C2:C:C(Cl):C(O):C(Br):C:2)C2:C:C:C:C:C:21,1,5200
HIV,CC1:C(C2(C3:C:C(C(C)C):C(O):C(Br):C:3C)OS(=O)(=O)C3:C:C:C:C:C:32):C:C(C(C)C):C(O):C:1Br,1,5201
HIV,COC1C(OC(=O)C=CC=CC=CC=CC(=O)O)CCC2(CO2)C1C1(C)OC1CC=C(C)C,1,5202
HIV,CC1OC(OCC2OC(OC3:C(C4:C:C:C(O):C:C:4):O:C4:C:C(OC5OC(C)C(O)C(O)C5O):C:C(O):C:4:C:3=O)C(O)C(O)C2O)C(O)C(O)C1O,1,5203
HIV,NC1:C(S(=O)(=O)O):C:C2:C:C(S(=O)(=O)O):C:C:C:2:C:1N=NC1:C:C:C(C2:C:C:C(N=NC3:C(N):C(S(=O)(=O)O):C:C4:C:C(S(=O)(=O)O):C:C:C:3:4):C(S(=O)(=O)O):C:2):C:C:1,1,5205
HIV,CC1:C:C(C2:C:C:C(N=NC3:C(S(=O)(=O)O):C:C4:C:C(S(=O)(=O)O):C:C(N):C:4:C:3O):C(C):C:2):C:C:C:1N=NC1:C(S(=O)(=O)O):C:C2:C:C(S(=O)(=O)O):C:C(N):C:2:C:1O,1,5206
HIV,C#CC1(O)CCC2C3CCC4=C(CCC(=O)C4)C3CCC21C,1,5207
HIV,C1:C:C:C2:C3:C(:C:C:C:2:C:1)O[Fe-4]12(OC4:C:C:C5:C:C:C:C:C:5:C:4N=[O+]1)(OC1:C:C:C4:C:C:C:C:C:4:C:1N=[O+]2)[O+]=N3,1,5208
HIV,O=S1C2:C:C:C:C:C:2SC2:C:C:C:C:C:21,1,5209
HIV,COC1:C:C2:N:N:C:C(S):C:2:C:C:1OC,1,5210
HIV,CC(=O)C1=C(C)C2=CC3:C(C(C)=O):C(C):C4:N:3[Fe-3]35(Cl)N6:C(:C(C):C(CCC(=O)O):C:6=CC6=[N+]3C(=C4)C(C)=C6CCC(=O)O)=CC1=[N+]25,1,5211
HIV,N=C(N)NC1:C:C:C:C:C:1SSC1:C:C:C:C:C:1NC(=N)N.O=S(=O)(O)O,1,5212
HIV,COC(=S)SSC(=S)NCCN(CCNC(=S)SSC(=S)OC)C(=S)SSC(=S)OC,1,5213
HIV,O=C1:[NH]:C2:C:C(Cl):C(Br):C:C:2:O:1,1,5214
HIV,COC1:C:C:C(C):C:C:1S(=O)(=O)C1:C(Cl):C:C:C:C:1[N+](=O)[O-],1,5215
HIV,CC1:C(N=NC2:C:C(N=NC3:C:C:C(N=NC4:C:C:C(O):C(C(=O)O):C:4):C:C:3):C(N):C:C:2N):C:C:C:C:1S(=O)(=O)O,1,5216
HIV,NC(=O)CSSCC(N)=O,1,5217
HIV,O=[N+]([O-])C1:C:C:C(C=CC2:C:C:C(N=NC3:C:C:C(C=CC4:C:C:C([N+](=O)[O-]):C:C:4S(=O)(=O)O):C(S(=O)(=O)O):C:3):C:C:2S(=O)(=O)O):C(S(=O)(=O)O):C:1,1,5218
HIV,O=C(O)C1:C:C(N=NC2:C:C:C(C=CC3:C:C:C(N=NC4:C:C:C(O):C(C(=O)O):C:4):C:C:3S(=O)(=O)O):C(S(=O)(=O)O):C:2):C:C:C:1O,1,5219
HIV,O=S(=O)(O)C1:C:C(N=NC2:C:C:C(O):C3:C:C:C:C:C:2:3):C:C:C:1C=CC1:C:C:C(N=NC2:C:C:C(O):C3:C:C:C:C:C:2:3):C:C:1S(=O)(=O)O,1,5220
HIV,O=S(=O)(O)C1:C:C(N=NC2:C:C(S(=O)(=O)O):C3:C:C:C:C:C:3:C:2O):C:C:C:1C=CC1:C:C:C(N=NC2:C:C(S(=O)(=O)O):C3:C:C:C:C:C:3:C:2O):C:C:1S(=O)(=O)O,1,5221
HIV,O=C(O)C1:C:C2:C:C:C:C:C:2:C(N=NC2:C:C:C(C=CC3:C:C:C(N=NC4:C(O):C(C(=O)O):C:C5:C:C:C:C:C:4:5):C:C:3S(=O)(=O)O):C(S(=O)(=O)O):C:2):C:1O,1,5222
HIV,C1:C:C:C2:[NH]:C(SSC3:N:C4:C:C:C:C:C:4:[NH]:3):N:C:2:C:1,1,5223
HIV,O=C1C2:C:C:C:C:C:2C(=O)C2:C(S):C:C:C:C:21,1,5224
HIV,NC1:C:C(C(=O)O):C:C:C:1SSC1:C:C:C(C(=O)O):C:C:1N,1,5225
HIV,CC(=O)NC1:C:C:C(S2=NC3:C:C:C:C:C:3S2):C:C:1,1,5226
HIV,CC1:C:C(CC2:C:C(C):C:C(S(=O)(=O)O):C:2O):C(O):C(S(=O)(=O)O):C:1,1,5227
HIV,COC1:C:C:C(C2CC(=O)C3:C(O):C:C(OC4OC(COC5OC(C)C(O)C(O)C5O)C(O)C(O)C4O):C:C:3O2):C:C:1O,1,5228
HIV,CN(C1:C:C:C(C(N)=O):C:C:1)C1:C(O):N:C2:C:C:C:C:C:2:C:1O,1,5229
HIV,COC1:C:C:C(OC):C(N=NC2:C(O):N:C3:C:C:C:C:C:3:C:2O):C:1,1,5230
HIV,O=C(NC1:C:C:C2:C(O):C(N=NC3:C:C:C4:C(O):C:C(S(=O)(=O)O):C:C:4:C:3):C(S(=O)(=O)O):C:C:2:C:1)C1:C:C:C:C:C:1,1,5231
HIV,O=C(NC1:C:C:C(N=NC2:C:C:C(S(=O)(=O)O):C:C:2):C:C:1)C1:C:C:C(N=NC2:C:C:C3:C(S(=O)(=O)O):C:C:C:C:3:C:2O):C:C:1,1,5232
HIV,O=C(NC1:C:C:C2:C(O):C:C(S(=O)(=O)O):C:C:2:C:1)NC1:C:C:C2:C(O):C(N=NC3:C:C:C4:C:C(S(=O)(=O)O):C:C:C:4:C:3):C(S(=O)(=O)O):C:C:2:C:1,1,5233
HIV,CC(=O)NC1:C:C2:C(O):C(N=NC3:C:C:C(C(=O)NC4:C:C:C(N=NC5:C:C:C(S(=O)(=O)O):C:C:5):C:C:4):C:C:3):C(S(=O)(=O)O):C:C:2:C:C:1S(=O)(=O)O,1,5234
HIV,CC1:C:C(NC(=O)C2:C:C:C(N):C:C:2):C:C:C:1N=NC1:C:C:C2:C(O):C(N=NC3:C:C:C4:C:C(S(=O)(=O)O):C:C:C:4:C:3):C(S(=O)(=O)O):C:C:2:C:1,1,5235
HIV,CC1=NN(C2:C:C:C(Cl):C:C:2S(=O)(=O)O)C(=O)C1N=NC1:C:C:C(OS(=O)(=O)C2:C:C:C(C):C:C:2):C:C:1,1,5237
HIV,O=S(=O)(O)C1:C:C(O):C2:C(N=NC3:C:C:C(NC4:C:C:C:C:C:4):C4:C(S(=O)(=O)O):C:C:C:C:3:4):C:C(S(=O)(=O)O):C:C:2:C:1,1,5238
HIV,O=[N+]([O-])C1:C:C:C(N=NC2:C(O):C(N=NC3:C:C([N+](=O)[O-]):C:C([N+](=O)[O-]):C:3O):C:C(N=NC3:C:C(S(=O)(=O)O):C:C4:C:C(S(=O)(=O)O):C:C(O):C:3:4):C:2O):C:C:1,1,5239
HIV,CC1:C:C(C2:C:C:C(N=NC3:C(N):C(C):C:C(S(=O)(=O)O):C:3N):C(C):C:2):C:C:C:1N=NC1:C:C:C(O):C(C(=O)O):C:1,1,5240
HIV,CCOC1:C:C:C(N=NC2:C:C:C(C=CC3:C:C:C(N=NC4:C:C:C(OCC):C:C:4):C:C:3S(=O)(=O)O):C(S(=O)(=O)O):C:2):C:C:1,1,5241
HIV,O=S(=O)(O)C1:C:C:C:C(N=NC2:C:C:C(N=NC3:C:C:C(NC4:C:C:C:C:C:4):C4:C(S(=O)(=O)O):C:C:C:C:3:4):C3:C:C:C:C:C:2:3):C:1,1,5242
HIV,NC1:C:C:C:C(N=NC2:C(S(=O)(=O)O):C:C3:C:C(NC(=O)NC4:C:C:C5:C(O):C(N=NC6:C:C:C:C(N):C:6):C(S(=O)(=O)O):C:C:5:C:4):C:C:C:3:C:2O):C:1,1,5243
HIV,O=S(=O)(O)C1:C:C2:N:C3:C4:C:C:C:C(S(=O)(=O)O):C:4:C(NC4:C:C:C:C:C:4):C:C:3:[N+](C3:C:C:C:C:C:3):C:2:C:C:1NC1:C:C:C:C:C:1,1,5244
HIV,NC1:C:C:C(N=NC2:C:C:C(N=NC3:C(S(=O)(=O)O):C:C4:C:C(S(=O)(=O)O):C(N=NC5:C:C:C(N=NC6:C:C:C(N):C:C:6N):C:C:5):C(O):C:4:C:3N):C:C:2):C(N):C:1,1,5245
HIV,CCOC1:C:C(N=NC2:C:C(Cl):C(S(=O)(=O)O):C:C:2Cl):C2:C:C(S(=O)(=O)O):C:C:C:2:C:1N=NC1:C(S(=O)(=O)O):C:C2:C:C(NC(=O)C3:C:C:C(N):C:C:3):C:C:C:2:C:1O,1,5246
HIV,CC1:C:C(NC(=O)NC2:C:C:C(N=NC3:C:C(S(=O)(=O)O):C4:C:C:C:C(S(=O)(=O)O):C:4:C:3):C(C):C:2):C:C:C:1N=NC1:C:C(S(=O)(=O)O):C2:C:C:C:C(S(=O)(=O)O):C:2:C:1,1,5247
HIV,COC1:C:C:C:C:C:1N=NC1:C(S(=O)(=O)O):C:C2:C:C(NC(=O)NC3:C:C:C4:C(O):C(N=NC5:C:C:C(S(=O)(=O)O):C:C:5C):C(S(=O)(=O)O):C:C:4:C:3):C:C:C:2:C:1O,1,5248
HIV,NC1:C:C:C(N=NC2:C:C:C(N=NC3:C:C:C(N=NC4:C:C(S(=O)(=O)O):C5:C:C:C:C:C:5:C:4O):C4:C:C:C(S(=O)(=O)O):C:C:3:4):C3:C:C:C(S(=O)(=O)O):C:C:2:3):C:C:1,1,5249
HIV,CCN(CC1:C:C:C:C(S(=O)(=O)O):C:1)C1:C:C:C(C(=C2C=CC(=[N+](CC)CC3:C:C:C:C(S(=O)(=O)O):C:3)C=C2)C2:C:C:C:C:C:2):C:C:1,1,5250
HIV,O=C(C=CC1:C:C:C:C(O):C:1)C=CC1:C:C:C:C(O):C:1,1,5252
HIV,CC1:C2:C:C:C:C:C:2:N:[C-](CSC2:C:C:C:C:C:2):[N+]:1=O,1,5253
HIV,CCCCSC[C-]1:N:C2:C:C:C:C:C:2:C(C):[N+]:1=O,1,5254
HIV,CC1:C2:C:C:C:C:C:2:N:[C-](CSCCC(C)C):[N+]:1=O,1,5255
HIV,CCCCCCCSC[C-]1:N:C2:C:C:C:C:C:2:C(C):[N+]:1=O,1,5256
HIV,CC1:C2:C:C:C:C:C:2:N:[C-](CSC2:C:C:C:C:C:2N):[N+]:1=O,1,5257
HIV,CC1:C2:C:C:C:C:C:2:N:[C-](CSC2:C:C:C(Cl):C:C:2):[N+]:1=O,1,5258
HIV,COC1:C:C2:O:C(C3:C:C:C(O):C:C:3):C:C(=O):C:2:C(OC):C:1OC,1,5259
HIV,CCC1(Br)C(=O)NC(=O)NC1=O,1,5260
HIV,CN(C)C=C1C=CC=C1,1,5261
HIV,O=P(O)(O)OP(=O)(O)O,1,5262
HIV,CC1:C:C(C(=C2C=CC(=NC3:C:C:C(S(=O)(=O)O):C:C:3)C=C2)C2:C:C:C(NC3:C:C:C(S(=O)(=O)O):C:C:3):C:C:2):C:C(S(=O)(=O)O):C:1N,1,5263
HIV,O=C(NC1:C:C:C:C:C:1S)C1:C:C:C:C:C:1,1,5264
HIV,CC1:C:C:C(N=NC2:C(S(=O)(=O)O):C:C3:C:C(NC(=O)NC4:C:C:C5:C(O):C(N=NC6:C:C:C7:C:C(S(=O)(=O)O):C:C:C:7:C:6):C(S(=O)(=O)O):C:C:5:C:4):C:C:C:3:C:2O):C:C:1,1,5265
HIV,CC1:C:C:C:C:C:1N=NC1:C(S(=O)(=O)O):C:C2:C:C(NC(=O)NC3:C:C:C4:C(O):C(N=NC5:C:C:C6:C:C(S(=O)(=O)O):C:C:C:6:C:5):C(S(=O)(=O)O):C:C:4:C:3):C:C:C:2:C:1O,1,5266
HIV,NC1:C:C:C(S(N)(=O)=O):C:C:1SSC1:C:C(S(N)(=O)=O):C:C:C:1N,1,5268
HIV,C[N+]1(CC(=O)C2:C:C:C(O):C(O):C:2)CCOCC1,1,5269
HIV,NC1:C:C(C(=O)NC2:C:C:C(C3=NCCN3):C:C:2):C:C(C(=O)NC2:C:C:C(C3=NCCN3):C:C:2):C:1,1,5270
HIV,O=C(NC1:C:C:C(C2=NCCN2):C:C:1)C1:C:C:C:C(NC(=S)NC2:C:C:C(C3=NCCN3):C:C:2):C:1,1,5271
HIV,CCOC1:C:C:C(C(=O)NC2:C:C:C(C3=NCCN3):C:C:2):C:C:1C(=O)NC1:C:C:C(C2=NCCN2):C:C:1,1,5272
HIV,O=C(NC1:C:C:C(C2=NCCN2):C:C:1)C1:C:C:C(C(=O)NC2:C:C:C(C3=NCCN3):C:C:2):C(Br):C:1,1,5274
HIV,O=C(NC1:C:C:C:C(C(=O)NC2:C:C:C(C3=NCCN3):C:C:2):C:1)C1:C:C:C(C2=NCCN2):C:C:1,1,5275
HIV,O=C(NC1:C:C:C(C2=NCCN2):C:C:1)NC1:C:C:C:C(C(=O)NC2:C:C:C(C3=NCCN3):C:C:2):C:1,1,5276
HIV,O=C(NC1:C:C:C(C2=NCCN2):C:C:1)C1:C:N:C:C(C(=O)NC2:C:C:C(C3=NCCN3):C:C:2):C:1,1,5277
HIV,CC1:C:C:C:C:C:1SC[C-]1:N:C2:C:C:C:C:C:2:C(C):[N+]:1=O,1,5278
HIV,CC1:C:C:C:C(SC[C-]2:N:C3:C:C:C:C:C:3:C(C):[N+]:2=O):C:1,1,5279
HIV,CC1:C:C:C(SC[C-]2:N:C3:C:C:C:C:C:3:C(C):[N+]:2=O):C:C:1,1,5280
HIV,CC1:C2:C:C:C:C:C:2:N:[C-](CSC2:N:C3:C:C:C:C:C:3:S:2):[N+]:1=O,1,5281
HIV,O=C1C(=NO)C(C2:C:C:C:C:C:2)OC2:C:C:C:C:C:21,1,5282
HIV,NC1:C:C:C2:C(O):C(N=NC3:C:C:C(N=NC4:C:C:C(S(=O)(=O)O):C:C:4):C:C:3):C(S(=O)(=O)O):C:C:2:C:1N=NC1:C:C:C(N=NC2:C:C:C(S(=O)(=O)O):C:C:2):C:C:1,1,5283
HIV,CC1:C:C(C2:C:C:C(N=NC3:C:C:C4:C(S(=O)(=O)O):C:C(S(=O)(=O)O):C(N):C:4:C:3O):C(C):C:2):C:C:C:1N=NC1:C:C:C2:C(S(=O)(=O)O):C:C(S(=O)(=O)O):C(N):C:2:C:1O,1,5284
HIV,O=C(NC1:C:C:C(N=NC2:C:C:C(S(=O)(=O)O):C:C:2):C:C:1)C1:C:C:C(N=NC2:C(S(=O)(=O)O):C:C(O):C3:C(NC(=O)C4:C:C:C:C:C:4):C:C(S(=O)(=O)O):C:C:2:3):C:C:1,1,5285
HIV,CC1:C:C(N=NC2:C:C:C(SC3:C:C:C(N=NC4:C:C:C(O):C(C(=O)O):C:4):C:C:3):C:C:2):C(N):C(N=NC2:C:C:C(N=NC3:C:C:C(S(=O)(=O)O):C:C:3):C:C:2):C:1N,1,5286
HIV,CCOC1:C:C:C(NC2:C:C:C(N=NC3:C(N):C(C):C:C(N=NC4:C:C:C(C5:C:C:C(N=NC6:C:C:C(O):C(C(=O)O):C:6):C:C:5):C:C:4):C:3N):C:C:2S(=O)(=O)O):C:C:1,1,5287
HIV,O=C1CN=C(C2:C:C:C:[NH]:2)C2:C:C(Cl):C:C:C:2N1,1,5288
HIV,S=C1:[NH]:C2:C(S):N:N:C(S):C:2:N:1CC1:C:C:C:C:C:1,1,5289
HIV,O=C(NC1:C:C:C(CCC2=NCCCN2):C:C:1)C1:C:C:C(C(=O)NC2:C:C:C(CCC3=NCCCN3):C:C:2):C:C:1,1,5290
HIV,OC1:O:N:[N+](C2:C:C:C:C:C:2):C:1C=NNC1:N:C:N:C2:[NH]:C:N:C:1:2,1,5291
HIV,O=C(O)C1:C:C:C:C:C:1C(=O)NC(CC1:C:C:C:C(NP(=O)(N2CC2)N2CC2):C:1)C(=O)O,1,5292
HIV,O=C(O)C1:C:C:C:C:C:1C(=O)NC(CC1:C:C:C:C(NP(=O)(NCCO)NCCO):C:1)C(=O)O,1,5293
HIV,COC1:C:C(SSC2:C:C(OC):C:C([N+](=O)[O-]):C:2N):C(N):C([N+](=O)[O-]):C:1,1,5294
HIV,O=C(NC1:C:C:C(C2=NCCN2):C:C:1)C1:C:C:C(C(=O)NC2:C:C:C(C3=NCCN3):C:C:2):C(F):C:1,1,5295
HIV,CN1:C(=O):C2:N:C(SSC3:N:C4:C(=O):N(C):C(=O):N(C):C:4:[NH]:3):[NH]:C:2:N(C):C:1=O,1,5296
HIV,OCC1(CO)CSSC1,1,5297
HIV,CC(C=NNC(=N)N[N+](=O)[O-])=NNC(=N)N[N+](=O)[O-],1,5298
HIV,O=C(NC1:C:C:C(C2=NCCN2):C:C:1)C1:C:C:C:C(C(=O)NC2:C:C:C(C3=NCCN3):C:C:2):C:1Cl,1,5299
HIV,NC1:N:C(N):C(Br):C(NC2:C:C:C(Cl):C(Cl):C:2):N:1,1,5300
HIV,CCNC(=NC1:C:C:C:C(C2=NCCN2):C:1)C1:C:C:C(C(=NC2:C:C:C:C(C3=NCCN3):C:2)NCC):C:C:1,1,5301
HIV,O=C(CCC1:C:C:C(C(=O)NC2:C:C:C(C3=NCCN3):C:C:2):C:C:1)NC1:C:C:C(C2=NCCN2):C:C:1,1,5302
HIV,CC1:C:C(NC(=O)C2:C:C:C(NC(=O)C3:C:C:C:C:C:3):C:C:2):C:C:C:1N=NC1:C:C:C(N=NC2:C:C:C3:C(O):C:C(S(=O)(=O)O):C:C:3:C:2):C2:C:C(S(=O)(=O)O):C:C:C:1:2,1,5303
HIV,CC(=O)NCCSS(=O)(=O)CCCCS(=O)(=O)SCCNC(C)=O,1,5304
HIV,O=C(NC1:C:C:C(C2=NCCN2):C(O):C:1)C1:C:C:C(C(=O)NC2:C:C:C(C3=NCCN3):C(O):C:2):C:C:1,1,5305
HIV,N=C(N)C1:C:C:C(NC(=O)C2:C:C:C(C(=O)NC3:C:C:C(C(=N)N):C:C:3):C(N):C:2):C:C:1,1,5306
HIV,O=C(NC1:C:C:C(C2=NCC(O)CN2):C:C:1)C1:C:C:C(C(=O)NC2:C:C:C(C3=NCC(O)CN3):C:C:2):C:C:1,1,5307
HIV,COC1:C:C(N=NC2:C:C:C(S(=O)(=O)O):C:C:2):C(C):C:C:1N=NC1:C:C(S(=O)(=O)O):C(NC(=O)C2:C:C:C(N):C:C:2):C:C:1NC(C)=O,1,5308
HIV,CC1:C:C(NC(=O)C2:C:C:C(N):C:C:2):C:C:C:1N=NC1:C:C:C2:C(O):C(N=NC3:C:C:C(S(=O)(=O)O):C:C:3C):C(S(=O)(=O)O):C:C:2:C:1,1,5309
HIV,CC(=O)NC1:C:C(N=NC2:C:C:C(N=NC3:C:C:C(NC(=O)C4:C:C:C(N):C:C:4):C:C:3C):C:C:2C):C(S(=O)(=O)O):C:C:1N=NC1:C:C:C(S(=O)(=O)O):C:C:1,1,5310
HIV,COC1:C:C(N=NC2:C:C(NC(C)=O):C(N=NC3:C:C:C(S(=O)(=O)O):C:C:3):C:C:2S(=O)(=O)O):C(C):C:C:1N=NC1:C:C:C(NC(=O)C2:C:C:C(N):C:C:2):C:C:1C,1,5311
HIV,COC1:C:C(N=NC2:C:C:C(N=NC3:C:C(NC(C)=O):C(N=NC4:C:C:C(S(=O)(=O)O):C:C:4):C:C:3S(=O)(=O)O):C(C):C:2):C(C):C:C:1NC(=O)C1:C:C:C(N):C:C:1,1,5312
HIV,CC1:C:C(N=NC2:C:C:C(C(=O)NC3:C:C:C4:C:C(S(=O)(=O)O):C:C:C:4:C:3):C:C:2):C(N):C(N=NC2:C:C:C(N=NC3:C:C:C(O):C(C(=O)O):C:3):C:C:2):C:1N,1,5313
HIV,CC1:C:C(N=NC2:C:C:C(NC(=O)C3:C:C:C(N):C:C:3):C:C:2C):C:C:C:1N=NC1:C:C:C2:C(O):C(N=NC3:C:C:C(S(=O)(=O)O):C:C:3):C(S(=O)(=O)O):C:C:2:C:1,1,5314
HIV,COC1:C:C(N=NC2:C:C(NC(C)=O):C(N=NC3:C:C:C(S(=O)(=O)O):C:C:3):C:C:2S(=O)(=O)O):C(C):C:C:1N=NC1:C:C(OC):C(NC(=O)C2:C:C:C(N):C:C:2):C:C:1C,1,5315
HIV,CC1:C:C(NC(=O)C2:C:C:C(NC(=O)C3:C:C:C(N):C:C:3):C:C:2):C:C:C:1N=NC1:C:C:C2:C(O):C(N=NC3:C:C:C(S(=O)(=O)O):C:C:3C):C(S(=O)(=O)O):C:C:2:C:1,1,5316
HIV,COC1:C:C(NC(=O)C2:C:C:C(NC(=O)C3:C:C:C(N):C:C:3):C:C:2):C(OC):C:C:1N=NC1:C:C:C(N=NC2:C:C:C3:C:C(S(=O)(=O)O):C:C(S(=O)(=O)O):C:3:C:2):C(C):C:1,1,5317
HIV,O=C(CNC(=O)NC1:C:C:C(NC(=O)NCC(=O)NC2:C:C:C(C3=NCCN3):C:C:2):C:C:1)NC1:C:C:C(C2=NCCN2):C:C:1,1,5318
HIV,N#CCCN(CCC#N)CC1:C(O):C(O):C(CN(CCC#N)CCC#N):C2:C:C:C:C:C:1:2,1,5319
HIV,O=C(CNC1=NCCN1)NC1:C:C:C(NC(=O)C2:C:C:C(C(=O)NC3:C:C:C(NC(=O)CNC4=NCCN4):C:C:3):C:C:2):C:C:1,1,5320
HIV,CC1:C:C(N=NC2:C(N):C(C):C:C(N=NC3:C:C:C(C(N)=O):C:C:3):C:2N):C:C:C:1N=NC1:C:C(C(=O)O):C(O):C(S(=O)(=O)O):C:1,1,5321
HIV,CC(=O)NC1:C:C(N=NC2:C:C:C(NC(=O)C3:C:C:C(N):C:C:3):C:C:2C):C(S(=O)(=O)O):C:C:1N=NC1:C:C:C(N=NC2:C:C:C(S(=O)(=O)O):C:C:2):C:C:1,1,5322
HIV,CC1:C:C:C(N=NC2:C:C(C):C(N):C(N=NC3:C:C:C(N=NC4:C:C(C(=O)O):C(O):C(S(=O)(=O)O):C:4):C(C):C:3):C:2N):C:C:1,1,5323
HIV,CC1:C:C(NS(=O)(=O)C2:C:C:C(N=NC3:C:C(S(=O)(=O)O):C4:C:C:C:C:C:4:C:3O):C:C:2):C:C:C:1N=NC1:C:C:C2:C:C(S(=O)(=O)O):C:C(S(=O)(=O)O):C:2:C:1,1,5324
HIV,CC1:C:C(NC(=O)C2:C:C:C(N=NC3:C:C(S(=O)(=O)O):C4:C:C:C:C:C:4:C:3O):C:C:2):C:C:C:1N=NC1:C:C:C2:C:C(S(=O)(=O)O):C:C(S(=O)(=O)O):C:2:C:1,1,5325
HIV,CC(=O)NC1:C:C(N=NC2:C:C:C(N=NC3:C:C:C(NC(=O)C4:C:C:C(N):C:C:4):C:C:3C):C:C:2C):C(S(=O)(=O)O):C:C:1N=NC1:C:C:C(C(=O)O):C:C:1,1,5326
HIV,CC(=O)NC1:C:C(N=NC2:C:C:C(N=NC3:C:C:C(NC(=O)C4:C:C:C(N):C:C:4):C:C:3C):C:C:2C):C(S(=O)(=O)O):C:C:1N=NC1:C:C:C:C(C(=O)O):C:1,1,5327
HIV,COC1:C:C(N=NC2:C:C(NC(C)=O):C(N=NC3:C:C:C(C(=O)O):C:C:3):C:C:2S(=O)(=O)O):C(C):C:C:1N=NC1:C:C:C(NC(=O)C2:C:C:C(N):C:C:2):C:C:1C,1,5328
HIV,COC1:C:C(N=NC2:C:C(NC(C)=O):C(N=NC3:C:C:C(C(=O)O):C:C:3):C:C:2S(=O)(=O)O):C(C):C:C:1N=NC1:C:C(OC):C(NC(=O)C2:C:C:C(N):C:C:2):C:C:1C,1,5332
HIV,SC1:C:C:C2:C:C:C:C:C:2:C:1CN1CCOCC1,1,5333
HIV,NC1:C:C(S(N)(=O)=O):C:C:C:1SSC1:C:C:C(S(N)(=O)=O):C:C:1N,1,5334
HIV,NC(=S=O)C(F)(F)C(F)(F)C(F)(F)F,1,5335
HIV,CNC(=O)C1:C:C:C(NC(=O)NC2:C:C:C:C(C3=NCCN3):C:2):C:C:1NC(=O)NC1:C:C:C:C(C2=NCCN2):C:1,1,5336
HIV,O=[N+]([O-])C1:C:C:C:C:C:1S(=O)(=O)C1:C:C:C(Cl):C:C:1,1,5337
HIV,CN1CCC(CNC(=O)CCCCCCCCC(=O)NCC2(C3:C:C:C:C:C:3)CCN(C)CC2)(C2:C:C:C:C:C:2)CC1,1,5338
HIV,N#CC1:C(N):[NH]:C(S):C:1C#N,1,5339
HIV,O=S(=O)(O)C1:C:C:C2:C:C(N=NC3:C:C(S(=O)(=O)O):C4:C:C:C:N:C:4:C:3O):C:C:C:2:C:1,1,5340
HIV,FC1:C(F):C(F):C(S):C(F):C:1F,1,5341
HIV,O=C(NC1:C:C:C(C2=NCCN2):C:C:1)C1:C:C(C(=O)NC2:C:C:C(C3=NCCN3):C:C:2):N:C:N:1,1,5342
HIV,CN(C(=O)C1:C:C:C:C:C:1S)C1:C:C:C:C:C:1,1,5343
HIV,CC(=O)C1CCC2C3C=CC4=CC(=O)CCC4(C)C3CCC12C,1,5344
HIV,O=C(NC1:C:C:C:C:C:1S)OCC1:C:C:C:C:C:1,1,5347
HIV,FC1:C:C(F):C(F):C(S):C:1F,1,5348
HIV,CCOC(=O)C(=CC1:C:C:C(C):C:C:1)P(=O)(OCC)OCC,1,5349
HIV,CCCCNC(=O)C1:C:C(NC(=O)C2:C:C:C(C(=O)NC3:C:C(C(=O)NCCCC):C:C(C4N=CCN4):C:3):C:C:2):C:C(C2=NCCN2):C:1,1,5350
HIV,CN1C(C)(C2:C:C:C:C:C:2)C2:C:C:C:C:C:2S1(=O)=O,1,5352
HIV,C=CC1:C:C:[N+](CC2:C:C:C(C[N+]3:C:C:C(C=C):C:C:3):C:C:2):C:C:1,1,5353
HIV,O=S(=O)(SC1=NCCN1)C1:C:C:C:C:C:1,1,5354
HIV,SC1:C:C(S):C(S):N:N:1,1,5355
HIV,CN1C(=O)C2:C:C:C:C:C:2C1(N)C1:C:C:C:C:C:1,1,5356
HIV,CCOC(=O)C(=O)N(CC(=O)OC)C(=O)CC1:C:C:C:C:C:1,1,5357
HIV,CC1:C:C(C(=O)O):C(C):C:C:1SSC1:C:C(C):C(C(=O)O):C:C:1C,1,5358
HIV,COC1:C:C:C(C2:C:C(=O):C3:C(C):C:C(O):C:C:3:O:2):C:C:1,1,5359
HIV,CC1:C:C:C(S(=O)(=O)OC2C3CCC4C(COC42)C3):C:C:1,1,5360
HIV,COC1:C:C(C2:C:C(=O):C3:C(C):C:C(O):C:C:3:O:2):C:C(OC):C:1OC,1,5361
HIV,CC1OC(OCC2OC(OC3:C:C:C4:C(=O):C(C5:C:C:C6:C(:C:5)OCO6):C:O:C:4:C:3)C(O)C(O)C2O)C(O)C(O)C1O,1,5362
HIV,O=C1:C:C(C2:C:C:C:C:C:2):O:C2:C(O):C(O):C:C(O):C:1:2,1,5363
HIV,CC1NC(=O)C2=C1C(=O)NC(=O)C2,1,5364
HIV,CC1(CO)CCCCC1=NNC1:C:C([N+](=O)[O-]):C:C([N+](=O)[O-]):C:1,1,5365
HIV,O=C1OC(C2:C:C:C:C3:C:C:C:C:C:2:3)C2:C:C:C:C:C:21,1,5366
HIV,CSC1:S:[S+]:C(SC):C:1C1:C:C:C:C:C:1,1,5367
HIV,CC1:C:N(C2CC(F)C(CO)O2):C(=O):[NH]:C:1=O,1,5368
HIV,O=C1NC2:C:C:C:C:C:2OC2:C:C:C:C:C:21,1,5369
HIV,O=C1C(=O)N(CNC(C2:C:C:C:C:C:2)C2:C:C:C:C:C:2)C2:C:C:C:C:C:21,1,5370
HIV,CN(C)C(=O)N=NC(=O)N(C)C,1,5371
HIV,COC1C=COC2(C)OC3:C(C):C(O):C4:C(O):C(:C(C=NOCCO):C(O):C:4:C:3C2=O)NC(=O)C(C)=CC=CC(C)C(O)C(C)C(O)C(C)C(OC(C)=O)C1C,1,5372
HIV,N=C1:C:C:N2:C(:N:1)OC1C(O)C(CO)OC12,1,5373
HIV,CCOC(=O)C1:C(C2:C:C:C:C:C:2):C:S:C:1N,1,5374
HIV,CCOC(=O)C1:S:C(C(=O)O):C:C:1C1:C:C:C:S:1,1,5375
HIV,CN1:[NH]:C(=N):C2:C:N(C3OC(CO)C(O)C3O):C3:N:C:N:C:1:C:2:3,1,5376
HIV,COC1:C:C(C=NC2:C:C(Cl):C(N=O):C(Cl):C:2):C:C:C:1N(CCCCl)CCCCl,1,5377
HIV,CCCCCCC.CN1C(=O)CN=C(C2:C:C:C:[NH]:2)C2:C:C(Cl):C:C:C:21,1,5378
HIV,C[N+]12CCCC3:C:C(CO):C:C(:C:31)CCC2,1,5379
HIV,CC(C(=O)C1:C:C(O):C(O):C:C:1C(O)(C(F)(F)F)C(F)(F)F)C(O)(C(F)(F)F)C(F)(F)F,1,5380
HIV,CCOC1:C:C(C2=NN3C(=S)NNC3=NN2):C:C:C:1O,1,5381
HIV,CC1:C:N(C2C=CC(CO)O2):C(=O):[NH]:C:1=O,1,5382
HIV,CCC1=C2C(=O)C3:C:C:C:C:C:3C2=C(C)S(=O)(=O)O1,1,5384
HIV,O=C(C1:C:C:C:C:C:1)C1CSS(=O)(=O)C1C1:C:C:C:C:C:1,1,5385
HIV,O=C(O)C1:C(F):C(F):C(S):C(F):C:1F,1,5386
HIV,OC1C2CCN(CC2)C1CNC12CC3CC(CC(C3)C1)C2,1,5387
HIV,COC1:C:C2:N:C(CCC3:N:C4:C:C(OC):C(OC):C:C:4:[NH]:3):[NH]:C:2:C:C:1OC,1,5388
HIV,CN1:C2:C:C:C:C:C:2:C2:N:N:C(S):N:C:2:1,1,5389
HIV,O=C1:C:C(C2:C:C:C:S:2):S:S:1,1,5390
HIV,CN1CCCCC1CCN1C2:C:C:C:C:C:2SC2:C:C:C(S(C)=O):C:C:21,1,5391
HIV,COC1:C:C:C:C:C:1N1CCCSC1=NC1:C:C:C:C:C:1,1,5392
HIV,CN(C)C(=N)CSS(=O)(=O)O,1,5393
HIV,N=C(CCSS(=O)(=O)O)NCC(C1:C:C:C:C:C:1)C1:C:C:C:C:C:1,1,5394
HIV,CSC1:C:C(C2:C:C:C(Cl):C:C:2):S:[S+]:1,1,5395
HIV,CCOC(=O)C1:C(N):S:S:C:1=S,1,5396
HIV,COC1:C:C:C(C=C(C#N)C2:C:C:C([N+](=O)[O-]):C:C:2):C:C:1OC,1,5397
HIV,ClC1:C:C:C(C2:C:C(N3CCN(C4:C:C(C5:C:C:C(Cl):C:C:5):[S+]:S:4)CC3):S:[S+]:2):C:C:1.[O-][Cl+3]([O-])([O-])O,1,5398
HIV,NC(=O)NN=C1CSSC1,1,5399
HIV,COC1:C:C:C(C2:S:C(N=CC3:C:C:C(N(C)CCC#N):C:C:3):C(C#N):C:2C):C:C:1OC,1,5400
HIV,O=C(O)C1:C:C:C(SSC2:C:C:C(C(=O)O):C:C:2):C:C:1,1,5401
HIV,COC1OC2COC3:C:C:C:C:C:3OC2C2NC(=N)SC12,1,5402
HIV,COC1:C:C:C(NC(=O)NC2:O:N:C(C):C:2C):C(Cl):C:1,1,5403
HIV,C=CCN(CC=C)C(=O)NC1:C:C:C(C(=O)NN=CC2:C:C:C:C(OC):C:2OC):C:C:1,1,5404
HIV,O=C1:[NH]:C(=O):S:S:1,1,5405
HIV,C[N+]12CCCCC1CC2,1,5406
HIV,CCC(C(=O)C(C)C(O)C(C)CCC1:C:C:C(C):C(O):C:1C(=O)O)C1OC(CC)(C2CCC(O)(CC)C(C)O2)CC1C,1,5407
HIV,COC1:C:C2:C(:C(OC):C:1OC)C1:O:N:C:C:1CC2,1,5408
HIV,NS(=O)(=O)C1:C:C:C(SSC2:C:C:C(S(N)(=O)=O):C:C:2[N+](=O)[O-]):C([N+](=O)[O-]):C:1,1,5409
HIV,CC1CCN(SSC2:N:C3:C:C:C:C:C:3:S:2)CC1,1,5410
HIV,C1=[N+]2CCCN3CCC[N+]4=CC5:C:C:C:C:C:5O[Co-3]324OC2:C:C:C:C:C:21,1,5411
HIV,C=C(C)C12CC(C)C34OC(C=CC=CCCCCCCCCC)(OC1C3C1OC1(CO)C(O)C1(O)C(=O)C(C)=CC14)O2,1,5412
HIV,COC(CCC(C)C1OC23CC(OC(=O)CC(C(C)O)OC(=O)CC(O)(O2)C(C)CC3(C)C)C1C)C1:C:C:C:C(O):C:1,1,5413
HIV,CC(C)CC(=O)NC(C(=O)NC(C(=O)NC(CC(C)C)C(O)CC(=O)NC(C)C(=O)NC(CC(C)C)C(O)CC(=O)O)C(C)C)C(C)C,1,5414
HIV,CCC1CC2CC3C4:[NH]:C5:C:C:C(O):C:C:5:C:4CCN(C2)C13.Cl,1,5415
HIV,CCCCCCCCCCCCCC(=O)OC1C(C)C2(O)C(C=C(CO)CC3(O)C(O)C(C)=CC32)C2C(C)(C)C12OC(C)=O,1,5416
HIV,CN1:[NH]:C(=N):C2:C:N(C3OC(COP(=O)(O)O)C(O)C3O):C3:N:C:N:C:1:C:2:3,1,5417
HIV,C=C(C)C12CC(C)C34OC(CCCCCCCCCCC)(OC1C3C1OC1(CO)C(O)C1(O)C(=O)C(C)=CC14C)O2,1,5418
HIV,COC(=O)C1C2:C(C):C:C3:N:2C(C=C(C)C3)C1C(=O)OC,1,5419
HIV,CC(=O)N1:N:C(C):C(C2:O:N:C3:C:C:C(Cl):C:C:2:3):C:1C,1,5420
HIV,CC1(C)NNC(SCC2:C:C:C:C:C:2)=NC1=O,1,5421
HIV,COCN1C(=O)CN=C(C2:C:C:C:C:C:2)C2:C:C(NO):C:C:C:21,1,5423
HIV,COC1CC(CC2CCC(C)C(C(C)C(=O)O)O2)OC2(OC(C)(C3CCC(C)(C4OC(C5OC(O)(CO)C(C)CC5C)CC4C)O3)CC2C)C1C,1,5424
HIV,CC1:C:C2:C(:C(=O):O:1)C1=S(SC(C3:C:C:C:C:C:3)=C1)S2,1,5425
HIV,CN1C(=O)CN2:C(:N:N(CC3:C:C:C:C:C:3):C(=O):C:2=O)C2:C:C(Cl):C:C:C:21,1,5426
HIV,CN(C)C1:N:C:N:C2:C:1CC1:C:C:C:C:C:1C(=O)N2C,1,5427
HIV,COC1C2CC3C4(CCC5C6(C)CCCC53C(C14)N(C)C6)CC21CCC23C4C=C5C6=C(CCC5(CC42)C3O1)C1(C)CC(C6)CN(C)C1,1,5428
HIV,CC1:C:C:C(NC2:C:C:C:C3:C:2C(=O)C2:C:C:C:C(NC4:C:C:C(C):C:C:4S(=O)(=O)O):C:2C3=O):C(S(=O)(=O)O):C:1,1,5429
HIV,COC1:C:C:C(C=NNC2:N:N:C3:C4:C:C:C:C:C:4:C4:N:C:C:C:C:4:C:3:N:2):C:C:1,1,5430
HIV,CC12CC(=O)NC(=O)N1CCS2,1,5431
HIV,CN(C)C1C(O)=C(C(=O)NCN2CCOB(C3:C:C:C:C:C:3)OCC2)C(=O)C2(O)C(O)=C3C(=O)C4C(O)=CC=CC4C(C)(O)C3CC12,1,5432
HIV,CC1COB(C2:C:C:C:C:C:2)OCC(C)N1CNC(=O)C1=C(O)C(N(C)C)C2CC3C(=C(O)C2(O)C1=O)C(=O)C1C(O)=CC=CC1C3(C)O,1,5433
HIV,O=C(O)C1:C:C(Br):C:C(SSC2:C:C(Br):C:C(C(=O)O):C:2O):C:1O,1,5434
HIV,O=C1C2:C(O):C:C:C(O):C:2C(=O)C2:C(NCCCCO):C:C:C(NCCCCO):C:21,1,5435
HIV,O=C1C2:C(O):C:C:C(O):C:2C(=O)C2:C(NCCCO):C:C:C(NCCCO):C:21,1,5436
HIV,CCOC(=O)NN(C(=O)OCC)C(=C(C1CCCCC1)N1CCOCC1)N(NC(=O)OCC)C(=O)OCC,1,5437
HIV,CC1=NN(C2:C:C:C(S(=O)(=O)O):C:C:2)C(=O)C1N=NC1:C:C:C(C2:C:C:C(N=NC3:C:C:C(OS(=O)(=O)C4:C:C:C(C):C:C:4):C:C:3):C(S(=O)(=O)O):C:2):C:C:1,1,5438
HIV,CC(=O)NC1:N:N:C(SSC2:N:N:C(NC(C)=O):S:2):S:1,1,5440
HIV,NC1(N2SC(S)=C3CCCC=C32)CCCCC1,1,5441
HIV,CCOC(=O)C1:C:C2:S:C(NC(=O)C3:C:C:C:O:3):N:C:2:O:1,1,5442
HIV,CC1:C:N(C2CC3OP(C)(=O)OCC3O2):C(=O):[NH]:C:1=O,1,5443
HIV,CCSC1:C(S):C:N:N(C):C:1=O,1,5444
HIV,CN1C(=O)N(C)C(=O)C(NC2:C:C:C([N+](=O)[O-]):C:C:2)(SCCO)C1=O,1,5445
HIV,O=C1NC2:C:N:C(Cl):N:C:2NC2:C:C:C(Cl):C:C:21,1,5446
HIV,NC1:C:C:C:C:C:1SSC1:C:C:C:C:C:1C(=O)O,1,5447
HIV,O=C(O)C1:C:C:C:C(SS(=O)(=O)C2:C:C:C:C(C(=O)O):C:2):C:1,1,5448
HIV,CNCCSS(=O)(=O)CCNC,1,5449
HIV,O=C(NC1:C:C:C(Cl):C:C:1)SC1:N:N:C2:C(:N:1):[NH]:C1:C:C:C:C:C:1:2,1,5451
HIV,CC(C)S(=O)(=O)N1:C(=N):[NH]:C2:C:C:C(C(=NO)C3:C:C:C:C:C:3):C:C:2:1,1,5452
HIV,COC1:N:C2:C:C3:C(:C:C:2:N2:C:C:C:C:1:2):O:C1:C:C:C:C:C:1:3,1,5453
HIV,CN1:C([N+](=O)[O-]):C:N:C:1CSC1:C:C:C(C#N):C:C:1,1,5454
HIV,COC1=CC2(C=CC1=O)CCC(=O)O2,1,5456
HIV,O=C(NC1:N:C2:C:C:S:C:2:S:1)C1:C:C:C:C:C:1,1,5457
HIV,CCOC(=O)N1N=C(C2:C:C:C:C:C:2)OC2(N3CCOCC3)CCC(C(C)(C)C)CC12,1,5458
HIV,CCOC(=O)N1N=C(C2:C:C:C:C:C:2)OC2(N3CCCC3)CCC(C(C)(C)C)CC12,1,5459
HIV,O=C(N=NC(=O)N1CCOCC1)N1CCOCC1,1,5460
HIV,CCOC1CSC2:C:C:C:C:C:2C(C2:C:C:C:C:C:2)=N1,1,5461
HIV,CN1C2:C:C:C:C:C:2N=CC2:C1:O:C1:C:C:C3:C:C:C:C:C:3:C:1:C:2=O,1,5462
HIV,O=C1:C2:C:C:C:C:C:2:C2:N:C:C:N:2:C2:C:C:C:C:C:1:2,1,5463
HIV,CC1:C:C:C(S(=O)(=O)O):C:C:1.C[N+]1:C(C2:C:C:C(C=NNC(=O)NN=CC3:C:C:C(C4:C:N5:C:C:C:C:C:5:[N+]:4C):C:C:3):C:C:2):C:N2:C:C:C:C:C:2:1,1,5464
HIV,C[N+]1:C(C2:C:C:C(C=NNC(=O)C(=O)NN=CC3:C:C:C(C4:C:N5:C:C:C:C:C:5:[N+]:4C):C:C:3):C:C:2):C:N2:C:C:C:C:C:2:1,1,5465
HIV,CC1:C:C:C(S(=O)(=O)O):C:C:1.C[N+]1:C(C2:C:C:C(C=NNC(=S)NN=CC3:C:C:C(C4:C:N5:C:C:C:C:C:5:[N+]:4C):C:C:3):C:C:2):C:N2:C:C:C:C:C:2:1,1,5466
HIV,COC1:C:C:C(NC2:N:C3:C(:S:2):C(C):C(O):C2:C:C:C:C:C:2:3):C:C:1,1,5467
HIV,CC1:C:C:N2:C(N=O):C(C3:C:C:C:C:C:3):N:C:2:C:1,1,5468
HIV,CC(C(=O)O)N1:C(=O):S:S:C:1=O,1,5469
HIV,C=C1CC2(C)C3:C:C:C:C:C:3NC(=O)C12,1,5470
HIV,COC(=O)C1=NC(=N)N=C(C(=O)OC)C12C(=O)CC1:C:C:C:C:C:12,1,5471
HIV,SC1:N:C2:C(:C(C3:N:C(S):N:C4:C:3CCCCC4):N:1)CCCCC2,1,5472
HIV,CC1:C:C:C(S(=O)(=O)O):C:C:1.C[N+]1:C(COC2:C:C:C(C=NNC(=O)CCC(=O)NN=CC3:C:C:C(OCC4:C:N5:C:C:C:C:C:5:[N+]:4C):C:C:3):C:C:2):C:N2:C:C:C:C:C:2:1,1,5473
HIV,C[N+]1:C(C2:C:C:C(C=NNC3:C:C:N:C(NN=CC4:C:C:C(C5:C:N6:C:C:C:C:C:6:[N+]:5C):C:C:4):N:3):C:C:2):C:N2:C:C:C:C:C:2:1,1,5474
HIV,CC1:C:C:C:C:C:1N=C1SCC(=O)N1C1:C:C:C:C:C:1C,1,5475
HIV,CNC(=O)SC1=NC2:C:C(Cl):C:C:C:2S(=O)(O)=N1,1,5476
HIV,CN1C(=O)C2N(N(C)C1=O)C1(Br)C(=O)NC(=O)C21Br,1,5477
HIV,O=C(O)C1:C:C(NC2:N:C(Cl):N:C(Cl):N:2):C:C:C:1C1:C2:C:C:C(=O):C:C2:O:C2:C:C(O):C:C:C:1:2,1,5478
HIV,NC1:C(O):C(S(=O)(=O)O):C(O):C2:C:1C(=O)C1:C:C:C:C:C:1C2=O,1,5479
HIV,CC1(CO)CCCC1NCCNC1CCCC1(C)CO,1,5480
HIV,CC1:C:C:C2:C(:C:1):S:C(C):[N+]:2CCO,1,5481
HIV,COC(=O)C1=C(N2CCCC2)C2C3:C:C:C:C:C:3SC12C(=O)OC,1,5482
HIV,CC1:C:C:C(S(=O)(=O)O):C:C:1.C[N+]1:C(C2:C:C:C(C=NNC(=O)C3:C:C:C:C(C(=O)NN=CC4:C:C:C(C5:C:N6:C:C:C:C:C:6:[N+]:5C):C:C:4):C:3):C:C:2):C:N2:C:C:C:C:C:2:1,1,5484
HIV,CC1:C:C:C(S(=O)(=O)O):C:C:1.C[N+]1:C(C2:C:C:C(C=NNC3:C:C:N:C(NN=CC4:C:C:C(C5:C:N6:C:C:S:C:6:[N+]:5C):C:C:4):N:3):C:C:2):C:N2:C:C:S:C:2:1,1,5485
HIV,CC(=O)OCC1OC(N2:C:C:C(N3:C:N:C:N:3):N:C:2=O)CC1N=[N+]=[N-],1,5486
HIV,O=C(C=CC1:C:C:C:C:C:1)NC1C=NC2:C:C:C:C:C:2NC1=O,1,5487
HIV,CC1:C:C2:C(:C(C#N):C:1C)NC(=O)CN=C2C1:C:C:C:C:C:1F,1,5488
HIV,CN1:C(=O):C2:N:C:C:N:C:2:N(C):C:1=O,1,5489
HIV,CN(C)C1:C:C:C(C=C(C#N)C2:C:C:C:C:C:2Cl):C:C:1,1,5490
HIV,CN(C)C1:C:C:C(C=C(C#N)C2:C:C:C:C:C:2Br):C:C:1,1,5491
HIV,CC(C=CC=C(C)C(=O)O)=CC=CC=C(C)C=CC=C(C)C(=O)O,1,5492
HIV,COC1(C2:C:C:C:C:C:2C)OC(=O)C2:C(C):C:C:C:C:21,1,5493
HIV,CC1(C2:C:C:C:C:C:2)CCCCC1=NNC(N)=O,1,5494
HIV,C=C=C(CCCC)C(=O)O,1,5495
HIV,CC1:C:N(C2CC(N=[N+]=[N-])C(CO)O2):C(=O):[NH]:C:1=O,1,5497
HIV,COC1:C:C(C2:N:N3:C(C):C(C4:C:C:C:C:C:4):N:C:3:S:2):C:C(OC):C:1OC,1,5498
HIV,C[N+]1:C(C2:C:C:C(C=NNC(=N)NCCCCCCNC(=N)NN=CC3:C:C:C(C4:C:N5:C:C:C:C:C:5:[N+]:4C):C:C:3):C:C:2):C:N2:C:C:C:C:C:2:1.I.[I-],1,5499
HIV,CC1:C:C:C(S(=O)(O)=[OH+]):C:C:1.C[N+]1:C(C2:C:C:C(NC(=O)C3:C:C:C(C(=O)NC4:C:C:C(C5:C:N6:C:C:C:C:C:6:[N+]:5C):C:C:4):C:C:3):C:C:2):C:N2:C:C:C:C:C:2:1,1,5500
HIV,C=C1C2CCC3C4(C)CCCC(C)(C(=O)O)C4CCC3(C2)C1OC(C)=O,1,5501
HIV,COC1:C:C2:O:C3:C(OC):C:C:C4:C:C:N:C(:C(=O):C:2:C:C:1OC):C:4:3,1,5502
HIV,CC(C)(C)C1:C:C(C(=O)C=CC2:C:C:C(C(=O)O):C:C:2):C:C(C(C)(C)C):C:1,1,5503
HIV,N=C1:[NH]:C(=O):N(C2CCC(CO)O2):C:C:1F,1,5504
HIV,C=CCC1(C(C)CC2:C:C:C(OC):C(OC):C:2)CC(OC)C=CC1=O,1,5505
HIV,CCOC(=O)C1:C:C:C(N2:C:N:C(C3:C:C:C([N+](=O)[O-]):C:C:3):C:2):C:C:1,1,5506
HIV,C[N+]1:C(C2:C:C:C(C=NNC(=O)C3:C:C:C(C(=O)NN=CC4:C:C:C(C5:C:N6:C:C:C:C:C:6:[N+]:5C):C:C:4):C(O):C:3O):C:C:2):C:N2:C:C:C:C:C:2:1.[Br-],1,5507
HIV,N=C1:C:C:N(C2CC(F)C(CO)O2):C(=O):[NH]:1,1,5508
HIV,NC(=O)C1:C:C:C:N:1CC1:C:C:C:C:C:1SSC1:C:C:C:C:C:1CN1:C:C:C:C:1C(N)=O,1,5509
HIV,OCC1CCC(N2:C:N:C3:C(O):N:C:N:C:3:2)O1,1,5510
HIV,O=C(NC1:C:C:C:C:C:1)C1:N:N(C2:C:C(S(=O)(=O)[O-]):C([N+](=O)[O-]):C:C:2Cl):[N+](C2:C:C(S(=O)(=O)O):C([N+](=O)[O-]):C:C:2Cl):N:1.[NaH],1,5511
HIV,CC1:C:C:C(S(=O)(O)=[OH+]):C:C:1.C[N+]1:C(C2:C:C:C(C=NNC(=O)C3:C:C:C(C(=O)NN=CC4:C:C:C(C5:C:N6:C:C:C:C:C:6:[N+]:5C):C:C:4):N:C:3):C:C:2):C:N2:C:C:C:C:C:2:1,1,5512
HIV,Cl.NCCSSCCN,1,5513
HIV,N=C1:[NH]:N:C(C2:C:C:C:C:C:2S):O:1,1,5514
HIV,OC1CN2CCC(O)C2C(O)C1O,1,5515
HIV,CSC1=[S+][Zn-2]2([OH+]C(C)=O)[OH+]C3:C(C):N:C:C(CO):C:3C=[N+]2[N-]1,1,5516
HIV,NC1:N:C(O):C2:N:C:N(C3C=CC(CO)C3):C:2:N:1,1,5517
HIV,O=C(NC1:C:C:N(C2CCC(CO)O2):C(=O):N:1)C1:C:C:C:C:C:1,1,5518
HIV,NC1:N:C:N:C2:C:1:N:C:N:2C1CCC(COP(=O)(O)O)O1.[LiH],1,5519
HIV,CC1=C(C(=O)NC2:C:C:C(Cl):C(C(=O)OC(C)C):C:2)SCCO1,1,5520
HIV,C[N+](C)(C)CCOP(=O)(O)OP(=O)([O-])OCC1CCC(N2:C:C:C(=N):[NH]:C:2=O)O1,1,5521
HIV,COC1:C:C:C(C(Cl)=C(C=O)C2:C:C:C(OC):C(OC):C:2):C:C:1OC,1,5522
HIV,CN(C)CCSC1:C:C:C:C(C2:C:C(C3:C:C:C:C(SCCN(C)C):C:3):N:C:N:2):C:1,1,5523
HIV,CN(C)CCSC1:C:C:C(C2:C:C:C(C3:C:C:C(SCCN(C)C):C:C:3):N:N:2):C:C:1,1,5524
HIV,CN(C)CCNCC1:C:C:C(C2:C:C:C:C(C3:C:C:C(CNCCN(C)C):C:C:3):N:2):C:C:1,1,5525
HIV,NC1:N:C(O):C2:N:C:N(C3CCC(CO)O3):C:2:N:1,1,5526
HIV,N.[N-]=[N+]=[N+]=C1CC(N2:C:C:C(=N):[NH]:C:2=O)OC1COP(=O)(O)OP(=O)(O)OP(=O)(O)O,1,5527
HIV,C[N+](C)(C)CCOP(=O)(O)OP(O)(=[OH+])OCC1CCC(N2:C:C:C(=N):[NH]:C:2=O)O1.[LiH],1,5529
HIV,CC(=O)OC1CC2CCCC2C2C(=O)OC(=O)C12,1,5530
HIV,N=C1:C:C:N(C2CSC(CO)O2):C(=O):[NH]:1,1,5531
HIV,CC(CC(=O)NC(CC(C)C(Cl)(Cl)Cl)C1:N:C:C:S:1)C(Cl)(Cl)Cl,1,5532
HIV,Cl.N=C1:[NH]:C:C(C2C(CNC(=O)C3:C:C(Br):C:[NH]:3)C(CNC(=O)C3:C:C(Br):C:[NH]:3)C2C2:C:[NH]:C(=N):[NH]:2):[NH]:1,1,5533
HIV,CC1:C:C(C2:C:C:C(N=NC3:C:C:C4:C(S(=O)(O)=[OH+]):C:C(S(=O)(=O)[O-]):C(N):C:4:C:3O):C(C):C:2):C:C:C:1N=NC1:C:C:C2:C(S(=O)(=O)[O-]):C:C(S(=O)(O)=[OH+]):C(N):C:2:C:1O.[GaH3],1,5534
HIV,O=C(O)C1:C:C(CC2:C:C:C(O):C(C(=O)O):C:2):C:C:C:1O,1,5535
HIV,CN=C(N=C1:S:S:C(=NC):N:1C)N(C)C.[O-][Cl+3]([O-])([O-])O,1,5536
HIV,CC(=O)OC12CC(C)C3(O)C(C=C(CO)CC4(O)C(=O)C(C)=CC43)C1C2(C)C,1,5537
HIV,CC1:C:C(CC2:C:C(C):C(O):C(C(=O)O):C:2):C:C(C(=O)O):C:1O,1,5538
HIV,CC1=CC(=C(C2:C:C(C):C(O):C(C(=O)O):C:2)C2:C(Cl):C:C:C(S(=O)(=O)O):C:2Cl)C=C(C(=O)O)C1=O.[NaH],1,5539
HIV,CC1:C:C(=O):C2:C(O):C:C(O):C(C3CCN(C)CC3O):C:2:O:1,1,5540
HIV,CCOC(=O)C1:C2:C(:N3:C:C:C:C:C:1:3)C(=O)C(C)(C(=O)OCC)S2,1,5541
HIV,CN1C(=S)C2=C(C3:C:C:C:C:C:3)N(C)C(=S)C2=C1C1:C:C:C:C:C:1,1,5542
HIV,CC1:C:C(C(C2:C:C(C):C(O):C(C(=O)O):C:2)C2:C:C(C):C(O):C(C(=O)O):C:2):C:C(C(=O)O):C:1O,1,5543
HIV,O=S1(=O)CC(O)C(O)CS1,1,5544
HIV,COS(=O)CCOC(=O)C1:C:C:C:C:C:1SSC1:C:C:C:C:C:1C(=O)OCCS(=O)OC,1,5545
HIV,O=[N+]([O-])C1:C:C:C:C:C:1S(=O)(=O)C1:C:C:C:C:C:1,1,5546
HIV,COC1:C:C:C(S(=O)(=O)C2:C:C:C:C:C:2[N+](=O)[O-]):C:C:1,1,5547
HIV,Cl.NC1:C:C:C:C:C:1S(=O)(=O)C1:C:C:C:C:C:1,1,5548
HIV,CC12CCC3(CC1C(=O)CCC2OCC1:C:C:C:C:C:1)OCCO3,1,5549
HIV,COC1:C:C:C:C:C:1C(=O)NC1:C:C:C(Cl):C(C(=O)OC(C)C):C:1,1,5550
HIV,COC(=O)C1(C)CCC2:C(OC):C:C:C(OC):C:2C1=O,1,5551
HIV,O=[N+]([O-])C1:C:C:C2:O:C:C3:C:2:C:1CCC3,1,5552
HIV,CN1:C:C:N:C:1C(C1:N:C:C:N:1C)C(C)(C)[N+](=O)[O-],1,5553
HIV,O=S(=O)(O)C1:C:C(Cl):C:C(CC2:C:C(Cl):C:C(S(=O)(=O)O):C:2O):C:1O.[NaH],1,5554
HIV,CNC1:N:C:N:C2:C:1:N:C:N:2C1OC(CO)CC1F,1,5555
HIV,ClC1:C:C:C:C(Cl):C:1C1SCC2:N:C3:C:C:C:C:C:3:N:21,1,5556
HIV,FC1:C:C:C:C(Cl):C:1C1SCC2:N:C3:C:C:C:C:C:3:N:21,1,5557
HIV,FC1:C:C:C:C(F):C:1C1SCC2:N:C3:C:C:C:C:C:3:N:21,1,5558
HIV,CC1:C:C:C:C:C:1C1OC(=O)C2:C:C:C3:C:C:C:C:C:3:C:21,1,5559
HIV,CN(C)C=NC1:N:C(=O):N(C2CCC(CO)O2):C:C:1F,1,5560
HIV,CC1:C:C:C(NC(=O)CCC2:N:C(=S):[NH]:[NH]:2):C:C:1,1,5561
HIV,C1:C:C:C2:C(:C:1):[NH]:C1:C:N:C3:C4:C:C:C:N:C:4:[NH]:C:3:C:1:2.Cl,1,5562
HIV,CCCCCCCCCCCCCC(=O)OC1C(C)C2(O)C(C=C(CO)CC3(O)C(=O)C(C)=CC32)C2C(C)(C)C12OC(C)=O,1,5563
HIV,NC1:N:C(Cl):N:C2:C:1:N:C:N:2C1CCC(COP(=O)(O)OP(=O)(O)OP(=O)(O)O)O1.[NaH],1,5564
HIV,FC1:C:C:C:C(C2SCC3:N:C4:C:C:C:C:C:4:N:32):C:1,1,5565
HIV,FC1:C:C:C:C:C:1C1SCC2:N:C3:C:C:C:C:C:3:N:21,1,5566
HIV,OC1:C:C:C:C(C2SCC3:N:C4:C:C:C:C:C:4:N:32):C:1,1,5567
HIV,O=[N+]([O-])C1:C:C:C(Cl):C(C2SCC3:N:C4:C:C:C:C:C:4:N:32):C:1,1,5568
HIV,N=C1:C:C:N(C=C=CCO):C(=O):[NH]:1,1,5569
HIV,CCCNC(=O)C(C)(Cl)C(=O)C1:C:C:C:C:C:1O,1,5570
HIV,COC1:C:C:C2:C(:C:1OC)C(=O)C1:C:N:C:C:C:1C2=O,1,5571
HIV,COC(=O)C1C(=O)C(C(=O)OC)C2C(C(=O)OC)C(=O)C(C(=O)OC)C12,1,5572
HIV,CC1:C:C:C(S(=O)(=O)C2:C:C:C:C:C:2[N+](=O)[O-]):C:C:1,1,5573
HIV,Cl.NC1:C:C([As]=O):C:C:C:1O,1,5574
HIV,CCOC(=O)C1=CC(C(C)CC(=O)CC(=O)O)CC1,1,5575
HIV,CC(=O)OC1CN2CCC(O)C2C(O)C1O,1,5576
HIV,CC(C)CCCC(C)C1CCC2C3CC=C4CC(OS(=O)(=O)O)CCC4(C)C3CCC12C.[NaH],1,5578
HIV,O=C1C2:C(:C3:C4:C:C:C:C:C:4:[NH]:C:3:C3:[NH]:C4:C:C:C:C:C:4:C:2:3)C(=O)N1CC1:C:C:C:C:C:1,1,5579
HIV,N=C1:C:C:N(C2OC(CO)CC2F):C(=O):[NH]:1,1,5580
HIV,NC1:N:C(O):C2:N:C:N(C3OC(CO)CC3F):C:2:N:1,1,5582
HIV,CC(C)OC(=O)C1:C:C(NC(=S)OC(C)C):C:C:C:1Cl,1,5583
HIV,O=[N+]([O-])C1:C:C:C:C:C:1SC1:C:C:C:C:C:1[N+](=O)[O-],1,5584
HIV,CC1:C:C:C(OS(=O)(=O)C2:C:C:C:C:C:2[N+](=O)[O-]):C:C:1,1,5585
HIV,O=[N+]([O-])C1:C:C:C:C:C:1S(=O)(=O)OC1:C:C:C(Cl):C:C:1,1,5586
HIV,N.O=C(O)C1:C:C(C(C2:C:C:C(O):C(C(=O)O):C:2)C2:C:C:C(O):C(C(=O)O):C:2):C:C:C:1O,1,5587
HIV,N.O=C(O)C1:C:C(CC2:C:C:C(O):C(C(=O)O):C:2):C:C:C:1O,1,5588
HIV,C1:C:C:C(CNC2:C:C:C3:[NH]:C4:C:N:C:C:C:4:C:3:C:2):C:C:1.Cl,1,5589
HIV,O=[N+]([O-])C1:C:C:C:C:C:1S(=O)C1:C:C:C:C:C:1,1,5591
HIV,CC1:C:C:C(S(=O)C2:C:C:C:C:C:2[N+](=O)[O-]):C:C:1,1,5592
HIV,CC1:C:C:C(C):C(NC(=O)CCC(=NNC(=O)C2:C(O):C:C:C3:C:C:C:C:C:2:3)C(C)C(=O)C2:C:C:C(O):C:C:2):C:1,1,5593
HIV,CC(=O)NS(=O)(=O)C1:C:C:C(NC(=O)COC(=O)C2:C:C:C:C3:C(=O):C4:C:C:C:C:C:4:[NH]:C:2:3):C:C:1,1,5595
HIV,CCCCCC=C(C1:C:C(Cl):C(OC):C(C(=O)O):C:1)C1:C:C(Cl):C(OC):C(C(=O)O):C:1.N,1,5598
HIV,CCCCCC=C(C1:C:C(Cl):C(OC):C(C(=O)OC):C:1)C1:C:C(Cl):C(OC):C(C(=O)OC):C:1,1,5599
HIV,N#CC(C(=NNC(=O)C(=O)NN)C(=O)NC1:N:C([N+](=O)[O-]):C:S:1)C1:C:C:C(Cl):C:C:1,1,5600
HIV,CCCCCCCCCC=C(C1:C:C(Cl):C(OC):C(C(=O)O):C:1)C1:C:C(Cl):C(OC):C(C(=O)O):C:1.N,1,5601
HIV,COC1:C(Cl):C:C(C(=CC2:C(F):C(F):C(F):C(F):C:2F)C2:C:C(Cl):C(OC):C(C(=O)O):C:2):C:C:1C(=O)O.N,1,5602
HIV,CN1:C:C(NC(=O)C2:C:C(NC(=O)NC3:C:C(C(=O)NC4:C:C(C(=O)NCCC(=N)N):N(C):C:4):N(C):C:3):C:N:2C):C:C:1C(=O)NCCC(=N)N.Cl,1,5604
HIV,CCCCCC=C(C1:C:C(Br):C:C(C(=O)O):C:1OC)C1:C:C(Br):C:C(C(=O)O):C:1OC.N,1,5605
HIV,COC1:C:C(C2:C:C:C(N=NC3:C:C4:C:C(S(=O)(=O)O):C:C:C:4:C:C:3O):C(OC):C:2):C:C:C:1N=NC1:C:C2:C:C(S(=O)(=O)O):C:C:C:2:C:C:1O.[NaH],1,5606
HIV,O=S(=O)(O)C1:C:C:C2:C(N=NC3:C:C:C(C=CC4:C:C:C(N=NC5:C(O):C:C:C6:C:C(S(=O)(=O)O):C:C:C:5:6):C:C:4S(=O)(=O)O):C(S(=O)(=O)O):C:3):C(O):C:C:C:2:C:1.[NaH],1,5607
HIV,COC1:C:C(C2:C:C:C(N=NC3:C:C(S(=O)(=O)O):C4:C:C:C:C(S(=O)(=O)O):C:4:C:3N):C(OC):C:2):C:C:C:1N=NC1:C:C(S(=O)(=O)O):C2:C:C:C:C(S(=O)(=O)O):C:2:C:1N.[NaH],1,5608
HIV,O=S(=O)(O)C1:C:C(N=NC2:C:C:C(O):C:C:2O):C:C:C:1C=CC1:C:C:C(N=NC2:C:C:C(O):C:C:2O):C:C:1S(=O)(=O)O.[NaH],1,5610
HIV,CCCC1:C:C(C2:C:C:C(N=NC3:C:C(S(=O)(=O)O):C4:C:C:C:C:C:4:C:3N):C(CCC):C:2):C:C:C:1N=NC1:C:C(S(=O)(=O)O):C2:C:C:C:C:C:2:C:1N.[NaH],1,5611
HIV,CN1CCC(O)C(CNC23CC4CC(CC(C4)C2)C3)C1.Cl,1,5613
HIV,COC(=O)C1=C(O)C(O)=C(C(=O)OC)CC1.[NaH],1,5614
HIV,COC(=O)C1=C(O)C(O)=C(C(=O)OC)C1.[NaH],1,5615
HIV,CCOC(=O)C(C)=C(O)C(=O)OCC.[NaH],1,5616
HIV,CCOC(=O)C(ON)=C(CCC(C(=O)OC)=C(ON)C(=O)OCC)C(=O)OC,1,5617
HIV,CCC1(OS(=O)(=O)O)CCC2C3CC=C4CC(O)CCC4(C)C3CCC21C.[NaH],1,5618
HIV,O=[N+]([O-])C1:C:C:C:C:C:1S(=O)(=O)C1:C:C:C:C:C:1[N+](=O)[O-],1,5619
HIV,CC1:C:C:C(S(=O)(=O)C2:C:C:C:C:N:2):C:C:1,1,5620
HIV,CC(=O)NC1:C:C:C:C:C:1S(=O)(=O)C1:C:C:C:C:C:1,1,5621
HIV,O=[N+]([O-])C1:C:C:C:C:C:1SC1:C:C:C:C:C:1,1,5622
HIV,O=S(=O)(C1:C:C:C:C:C:1)C1:C:C:C:C:N:1,1,5623
HIV,CC1:C:C(NS(=O)(=O)C2:C:C:C(NC3:C4:C:C:C:C:C:4:N:C4:C(C(=O)NC5:C:C:C(S(N)(=O)=O):C:C:5):C:C:C:C:3:4):C:C:2):N:O:1,1,5624
HIV,CC1:C:C(NS(=O)(=O)C2:C:C:C(NC3:C4:C:C:C:C:C:4:N:C4:C(C(=O)NC5:C:C:C(S(=O)(=O)NC(=N)N):C:C:5):C:C:C:C:3:4):C:C:2):N:O:1,1,5625
HIV,CC1:C:C(NS(=O)(=O)C2:C:C:C(NC(=O)C3:C:C:C:C4:C(NC5:C:C:C(S(=O)(=O)NC(=N)N):C:C:5):C5:C:C:C:C:C:5:N:C:3:4):C:C:2):N:O:1,1,5626
HIV,CN1:N:C(C2:C:C:C:C:C:2):C(C(=O)C=CC2:C:C:C(Cl):C:C:2):C(N2CCCC2):C:1=O,1,5627
HIV,CC1:C:C(C):C(C(=O)O):C(SSC2:C:C(C):C:C(C):C:2C(=O)O):C:1,1,5628
HIV,CCCOC(=O)C1:C:C(OC(C)=O):C2:C(OC):C:C:C(OC):C:2:C:1,1,5629
HIV,O=C(O)C1:C:C:C:C:C:1N=NNC1:C:C:C(C=CC2:C:C:C(N=NNC3:C:C:C:C:C:3C(=O)O):C:C:2S(=O)(=O)O):C(S(=O)(=O)O):C:1.[NaH],1,5632
HIV,CCCCCCCCCC=C(C1:C:C(Cl):C(O):C(C(=O)O):C:1)C1:C:C(Cl):C(O):C(C(=O)O):C:1.N,1,5633
HIV,CCCCCCCCCCCCCCCC=C(C1:C:C(Cl):C(O):C(C(=O)O):C:1)C1:C:C(Cl):C(O):C(C(=O)O):C:1.N,1,5634
HIV,CCCCCC=C(C1:C:C(Br):C:C(C(=O)O):C:1O)C1:C:C(Br):C:C(C(=O)O):C:1O.N,1,5635
HIV,CN1:C:C(NC(=O)C2:C:C(NC(=O)CCCCCC(=O)NC3:C:C(C(=O)NC4:C:C(C(=O)NCCC(=N)N):N(C):C:4):N(C):C:3):C:N:2C):C:C:1C(=O)NCCC(=N)N.Cl,1,5636
HIV,CC(C)=CCN1CC2:C:C:C:C3:[NH]:C(=S):N(:C:2:3)CC1C,1,5637
HIV,COC(=O)N1CCCCC(CCC#CC[Si](C)(C)C)C1=O,1,5638
HIV,O=[N+]([O-])C1:C:C:C:C:C:1C1SCC2:N:C3:C:C:C:C:C:3:N:21,1,5640
HIV,N#CC1:C:C:C:C(C2SCC3:N:C4:C:C:C:C:C:4:N:32):C:1,1,5641
HIV,CN1:C:C(C(=O)NCCC(=N)N):C:C:1NC(=O)C1=[N+](C)C=C(NC(=O)C2:C:C:C:C(C(=O)NC3=CC(C(=O)NC4:C:C(C(=O)NCCC(=N)N):C:N:4C)=[N+](C)C3):C:2)C1.Cl,1,5642
HIV,O=C(O)C1:C:C(O):C:C(O):C:1N=NC1:C:C:C(C=CC2:C:C:C(N=NC3:C(O):C:C(O):C:C:3C(=O)O):C:C:2S(=O)(=O)O):C(S(=O)(=O)O):C:1.[NaH],1,5646
HIV,NC1:C:C:C(N=NC2:C:C:C(C=CC3:C:C:C(N=NC4:C:C:C(N):C5:C:C(S(=O)(=O)O):C:C:C:4:5):C:C:3S(=O)(=O)O):C(S(=O)(=O)O):C:2):C2:C:C:C(S(=O)(=O)O):C:C:1:2.[NaH],1,5648
HIV,O=S(=O)(O)C1:C:C(N=NC2:C:C(S(=O)(=O)O):C3:C:C:C:C:C:3:C:2O):C:C:C:1C=CC1:C:C:C(N=NC2:C:C(S(=O)(=O)O):C3:C:C:C:C:C:3:C:2O):C:C:1S(=O)(=O)O.[NaH],1,5649
HIV,NC1:C(N=NC2:C:C:C(C=CC3:C:C:C(N=NC4:C:C(S(=O)(=O)O):C5:C:C:C:C:C:5:C:4N):C:C:3S(=O)(=O)O):C(S(=O)(=O)O):C:2):C:C(S(=O)(=O)O):C2:C:C:C:C:C:1:2.[NaH],1,5650
HIV,NC1:C(N=NC2:C:C:C(C=CC3:C:C:C(N=NC4:C:C:C5:C:C(S(=O)(=O)O):C:C:C:5:C:4N):C:C:3S(=O)(=O)O):C(S(=O)(=O)O):C:2):C:C:C2:C:C(S(=O)(=O)O):C:C:C:1:2.[NaH],1,5652
HIV,O=S(=O)(O)C1:C:C:C2:C(N=NC3:C:C:C(CCC4:C:C:C(N=NC5:C(O):C:C:C6:C:C(S(=O)(=O)O):C:C:C:5:6):C:C:4S(=O)(=O)O):C(S(=O)(=O)O):C:3):C(O):C:C:C:2:C:1.[NaH],1,5655
HIV,NC1:C:C:C(N=NC2:C:C:C(CCC3:C:C:C(N=NC4:C:C:C(N):C5:C:C(S(=O)(=O)O):C:C:C:4:5):C:C:3S(=O)(=O)O):C(S(=O)(=O)O):C:2):C2:C:C:C(S(=O)(=O)O):C:C:1:2.[NaH],1,5656
HIV,N=C1:[NH]:C(=O):N(C2OC(CO)CC2F):C:C:1F,1,5657
HIV,COC(=O)C1:N:C(N):N:C(O):C:1C1:C:C:C(Cl):C:C:1,1,5658
HIV,COC(=O)C1:N:C(S):N:C(O):C:1C1:C:C:C(Cl):C:C:1,1,5659
HIV,O=C(CC1OC(O)C(Cl)=C1Cl)C1:C:C:C:N:C:1,1,5660
HIV,CCC(=O)CCC1=NC2:N:N:C(CCCCC3:N:N:C4:N:3C(=O)C(CCC(=O)CC)=N4):N:2C1=O,1,5661
HIV,O=C1OCC2OC(O)C(O)C(O)C2OC(=O)C2:C:C(O):C(O):C(O):C:2C2:C(O):C(O):C3:O:C(=O):C4:C(:C(O):C(O):C5:O:C(=O):C:2:C:3:C:5:4)C2:C1:C:C(O):C(O):C:2O,1,5663
HIV,CC(C)=CCN1CC2:C(Cl):C:C:C3:[NH]:C(=S):N(:C:2:3)CC1C,1,5666
HIV,COC1:C(I):C(OC):C2:C(:C:1I)OC1OCCC21,1,5667
HIV,O=C(C=CC1:C:C:C:C:C:1O)C1:C:C:C(O):C:C:1O,1,5668
HIV,O=C(SC1:N:N:N:N:1C1:C:C:C:C:C:1)SC1:N:N:N:N:1C1:C:C:C:C:C:1,1,5669
HIV,O=C(O)C1:C:S:C(C(=O)O):C:1,1,5670
HIV,CN1:C:C(NC(=O)C2:C:C(NC(=O)CCC(=O)NC3:C:C(C(=O)NC4:C:C(C(=O)NCCC(=N)N):N(C):C:4):N(C):C:3):C:N:2C):C:C:1C(=O)NCCC(=N)N.Cl,1,5671
HIV,CCCCC(C)C=CC(O)=C1C(=O)OC(=CC(=O)O)C1=O,1,5672
HIV,CC1:C:O:C(C):C:1C(=S)NC1:C:C:C(Cl):C(C(=O)OC(C)C):C:1,1,5673
HIV,NC1:N:C(S):C2:C(:N:C:N:2CC(O)CO):N:1,1,5674
HIV,COC1N(C2CC(N=[N+]=[N-])C(CO)O2)C(=O)NC(=O)C1(C)Br,1,5675
HIV,COC1N(C2CC(N=[N+]=[N-])C(CO)O2)C(=O)NC(=O)C1(C)Cl,1,5676
HIV,COC1N(C2CC(N=[N+]=[NH2+])C(CO)O2)C(=O)NC(=O)C1(C)I,1,5677
HIV,COC1N(C2C=CC(CO)O2)C(=O)NC(=O)C1(C)Cl,1,5678
HIV,COC1N(C2C=CC(CO)O2)C(=O)NC(=O)C1(C)I,1,5679
HIV,CC(C)=CCN1CC2:C:C(Cl):C:C3:[NH]:C(=S):N(:C:2:3)CC1C,1,5680
HIV,O=C1N[Se](=O)C2:C:C:C:C:C:21,1,5681
HIV,NC1:N:C:N:C2:S:C(NC3:C:C:C:C:C:3):N:C:1:2,1,5682
HIV,COC1:C:C:C:C2:C:1[OH+][U+2]1(=O)(=O)(O)(O)(O)[O+]=C(N)[N-][N+]1=C2,1,5683
HIV,CCC1=[O+][Cu-3]2([O+]=C(CC)C1)[O+]=C(CC)CC(CC)=[O+]2,0,5684
HIV,C(=CC1:C:C:C:C:C:1)C1=[O+][Cu-3]2([O+]=C(C=CC3:C:C:C:C:C:3)CC(C3:C:C:C:C:C:3)=[O+]2)[O+]=C(C2:C:C:C:C:C:2)C1,0,5685
HIV,CC(=O)N1C2:C:C:C:C:C:2SC2:C1:C:C:C1:C:C:C:C:C:2:1,0,5686
HIV,NC1:C:C:C(C=CC2:C:C:C(N):C:C:2S(=O)(=O)O):C(S(=O)(=O)O):C:1,0,5687
HIV,O=S(=O)(O)CCS(=O)(=O)O,0,5688
HIV,CCOP(=O)(NC1:C:C:C:C(Cl):C:1)OCC,0,5689
HIV,CC1=C2C(=COC(C)C2C)C(O)=C(C(=O)O)C1=O,0,5690
HIV,O=[N+]([O-])C1:C:C:C(SSC2:C:C:C([N+](=O)[O-]):C:C:2[N+](=O)[O-]):C([N+](=O)[O-]):C:1,0,5691
HIV,O=[N+]([O-])C1:C:C:C:C:C:1SSC1:C:C:C:C:C:1[N+](=O)[O-],0,5692
HIV,CC(C)(CCC(=O)O)CCC(=O)O,0,5693
HIV,O=C(O)C1:C:C:C:C:C:1SSC1:C:C:C:C:C:1C(=O)O,0,5694
HIV,CCCCCCCCCCCC(=O)NC1:C:C:C(SSC2:C:C:C(NC(=O)CCCCCCCCCCC):C:C:2):C:C:1,0,5695
HIV,SC1:C:C:C:C2:C(S):C:C:C:C:1:2,0,5696
HIV,CCOP(N)(=O)C1:C:C:C:C:C:1,0,5697
HIV,O=P(NC1:C:C:C:C:C:1)(NC1:C:C:C:C:C:1)NC1:C:C:C:C:C:1,0,5698
HIV,O=C1C(O)=C(CCCC2:C:C:C(OC3:C:C:C:C:C:3):C:C:2)C(=O)C2:C:C:C:C:C:21,0,5699
HIV,CC(C)N(C(C)C)P(=O)(OP(=O)(C1:C:C:C([N+](=O)[O-]):C:C:1)N(C(C)C)C(C)C)C1:C:C:C([N+](=O)[O-]):C:C:1,0,5700
HIV,C1:C:C:C2:C(:C:1)SC1:C:C:C:C:C:1S2,0,5701
HIV,CC(C)CCS(=O)(=O)O,0,5702
HIV,CC1:C:C:C:C:C:1NC(=N)NC1:C:C:C:C:C:1C,0,5703
HIV,CCCNP(=S)(NCCC)NCCC,0,5704
HIV,CCCCCCCCCCCCNP(=S)(NCCCCCCCCCCCC)NCCCCCCCCCCCC,0,5705
HIV,O=C1OC(=O)C2:C1:C:C:C1:C:C:C:C:C:2:1,0,5706
HIV,S=P(NC1CCCCC1)(NC1CCCCC1)NC1CCCCC1,0,5707
HIV,ClC1:C:C:N:C2:C:1:C:C:C1:C(Cl):C:C:N:C:1:2,0,5708
HIV,O=C(OOC(=O)C1:C:C:C:C:C:1)C1:C:C:C:C:C:1,0,5709
HIV,C1:C:C:C2:N:S:N:C:2:C:1,0,5710
HIV,S=C1NCCS1,0,5711
HIV,CN(C)C1=[S+][Zn-2]2(S1)SC(N(C)C)=[S+]2,0,5712
HIV,CN(CC1:C:N:C2:N:C(N):N:C(N):C:2:N:1)C1:C:C:C(C(=O)NC(CCC(=O)O)C(=O)O):C:C:1,0,5713
HIV,[N-]=[N+]=CC(=O)OCC(N)C(=O)O,0,5714
HIV,NC1:N:C(O):C2:N:N:[NH]:C:2:N:1,0,5715
HIV,NC1:N:C(S):C2:N:C:[NH]:C:2:N:1,0,5716
HIV,SC1:N:C:N:C2:[NH]:C:N:C:1:2,0,5717
HIV,COC1:C:C2:C(:C(OC):C:1OC)C1:C:C:C(OC):C(=O):C:C:1C(NC(C)=O)CC2,0,5718
HIV,CCCCOB(OCCCC)OCCCC,0,5719
HIV,CCCCCOB(OCCCCC)OCCCCC,0,5720
HIV,CC1CC(C)(C)OB(OC(C)CC(C)(C)OB2OC(C)CC(C)(C)O2)O1,0,5721
HIV,C1:C:C:N2:N:N:N:C:2:C:1,0,5722
HIV,C1:C:C:N2:N:N:C:C:2:C:1,0,5723
HIV,ClC1:C:C:C(Cl):C(SSC2:C:C(Cl):C:C:C:2Cl):C:1,0,5724
HIV,CN(C)C1:C:C:C(SSC2:C:C:C(N(C)C):C:C:2):C:C:1,0,5725
HIV,BrC1:C:C:C(SSC2:C:C:C(Br):C:C:2):C:C:1,0,5726
HIV,CC1:C:C:C(SSC2:C:C:C(C):C:C:2):C:C:1,0,5727
HIV,COC1:C:C:C(SSC2:C:C:C(OC):C:C:2):C:C:1,0,5728
HIV,NC1(C(=O)O)CCCC1,0,5729
HIV,CC(C)(Br)C(=O)C(Br)Br,0,5730
HIV,CCOC(=S)SCCSC,0,5731
HIV,CCOCC(C)(CO)CC(C)CO,0,5732
HIV,O=C(O)C1CC1,0,5733
HIV,O=C(O)C1(O)CC(O)C(O)C(O)C1,0,5734
HIV,NC1:C(Cl):C:C(Cl):C:C:1C(=O)O,0,5735
HIV,CCCCCOC(=S)S,0,5736
HIV,O=C(O)C1:C:C:C([N+](=O)[O-]):C:C:1S(=O)(=O)O,0,5737
HIV,NC(=O)C1:C:C(O):C(O):C(O):C:1,0,5738
HIV,C1C[S+]2CC[S+]1CC2,0,5739
HIV,NC1:C:C(Cl):C(S(=O)(=O)O):C:C:1Cl,0,5740
HIV,CC12CCC(C(Br)C1=O)C2(C)CS(=O)(=O)O,0,5741
HIV,CCC(C)(C(=O)O)C(=O)O,0,5742
HIV,CC(C)C(C(=O)O)C(=O)O,0,5743
HIV,CCOC(=O)C(=O)C1CCCCC1=O,0,5744
HIV,CCOC(=O)CNS(=O)(=O)C1:C:C:C:C:C:1,0,5745
HIV,CCN(CC)C(C)(O)CN,0,5746
HIV,CC1:C:C:C:C2:C(=O):C3:C:C:C:C:C:3:O:C:1:2,0,5747
HIV,CCCCCCCCCCCC(=O)OCCOCCOCCOCCOCCOCCOCCOCCOCCO,0,5748
HIV,C1CN[Co-4]23(N1)(NCCN2)NCCN3,0,5749
HIV,CC(C)OC(=S)SSC(=S)OC(C)C,0,5750
HIV,O=C(NC1:C:C:C:C:C:1)OCC1OCOC(COC(=O)NC2:C:C:C:C:C:2)C1OC(=O)NC1:C:C:C:C:C:1,0,5751
HIV,OCC1OCOC2COCOC12,0,5752
HIV,CC(=O)OC1C(OC(C)=O)C(OC(C)=O)C2(CO2)C(OC(C)=O)C1OC(C)=O,0,5753
HIV,CCN(CC)C(=O)N1CCN(C)CC1,0,5754
HIV,CC(=O)OC1COC(C2:C:C:C:C:C:2)OC1C1OC(C2:C:C:C:C:C:2)OCC1OC(C)=O,0,5755
HIV,O=C1O[Cu-5]2(O)(O)(OC1=O)OC(=O)C(=O)O2,0,5756
HIV,CCCCCCCC[N+]12CN3CN(CN(C3)C1)C2,0,5757
HIV,CC(C)(O)O.CC1(O)C(O)C(O)C1(O)CO,0,5758
HIV,OC1COCOC1C(O)C1OCOCC1O,0,5759
HIV,O=[N+]([O-])C1:C:C:C(C=CC2:C:C:C([N+](=O)[O-]):C:C:2S(=O)(=O)O):C(S(=O)(=O)O):C:1,0,5760
HIV,CCC1:C:C:[N+]([Mn](SC#N)(SC#N)([N+]2:C:C:C(CC):C:C:2)([N+]2:C:C:C(CC):C:C:2)[N+]2:C:C:C(CC):C:C:2):C:C:1,0,5761
HIV,N=C1:[NH]:[NH]:C(=N):[NH]:1,0,5762
HIV,O=S(=O)(O)CCO,0,5763
HIV,O=C1CSC(=S)N1,0,5764
HIV,C1CCNCC1.S=C(S)N1CCCCC1,0,5765
HIV,C1SCSCS1,0,5766
HIV,CCC(CC)(C(=O)O)C(=O)O,0,5767
HIV,N#CC(=CC1:C:C:C:C:C:1)C1:C:C:C:C:C:1,0,5768
HIV,O=C1C(O)=C(CCCC2CCC3CCCCC3C2)C(=O)C2:C:C:C:C:C:21,0,5769
HIV,CCOC(=O)C(C(=O)OCC)C(C(=O)OCC)C(=O)OCC,0,5770
HIV,C=C(C)CS(=O)(=O)O,0,5771
HIV,CCSC1:C:C:C(N=[N+]([O-])C2:C:C:C(SCC):C(Cl):C:2):C:C:1Cl,0,5772
HIV,COC1C(OC(N)=O)C(O)C(OC2:C:C:C3:C(O):C(NC(=O)C4:C:C:C(O):C(CC=C(C)C):C:4):C(=O):O:C:3:C:2C)OC1(C)C,0,5773
HIV,O=C1C(=CC2:C:C:C:C:C:2)CCCC1=CC1:C:C:C:C:C:1,0,5774
HIV,O=S(=O)(O)CO,0,5776
HIV,CCN(CC)CCCCCCNC1:C:C(OC):C:C2:C(C):C:C:N:C:1:2,0,5777
HIV,CCCC(O)CNCC1:C:C:C(N(C)C):C:C:1,0,5778
HIV,N=C1NC(=O)C(C2:C:C:C:C:C:2)S1,0,5779
HIV,CC1:C:C(SCC(=O)C2:C:C:C:C:C:2[N+](=O)[O-]):C:C(C):[O+]:1,0,5780
HIV,CC12CCC(CC1)C(C)(C)NC(=N)S2,0,5781
HIV,CCSC(SCC)C(O)C(O)C(O)C(O)C(O)C(O)CO,0,5782
HIV,O=C(O)C(O)C(O)C(O)C(O)C(O)C(O)CO,0,5783
HIV,ClP1(Cl)=NP(Cl)(Cl)=NP(Cl)(Cl)=N1,0,5784
HIV,CCN(CC)CC.O=C(NC1:C:C:C(Cl):C:C:1)P(=O)(O)C1:C:C:C:C:C:1,0,5785
HIV,O=S(=O)(O)CCCCBr,0,5786
HIV,O=S(=O)(O)CC(S(=O)(=O)O)S(=O)(=O)O,0,5787
HIV,O=S1(=O)CCCC2:C1:C:C:C1:C:C:C:C:C:2:1,0,5788
HIV,CCOC(=O)C(CCCCS(=O)(=O)O)C(=O)OCC,0,5789
HIV,O=S1(=O)CCC2:C:C:C:C:C:2C(Br)C1,0,5790
HIV,CCCCCCCCS(=O)(=O)O,0,5791
HIV,CCOCCCCS(=O)(=O)O,0,5792
HIV,CCOC(C)CCCS(=O)(=O)O,0,5793
HIV,O=S(=O)(O)CCCCCO,0,5794
HIV,CC(=O)N1C(=O)C(=O)C2:C:C:C:C:C:21,0,5795
HIV,O=C1NC2NC(=O)NC2N1,0,5796
HIV,O=C1C2:C:C:C:C:C:2C(=O)N1CC1:C:C:C:C:C:1,0,5797
HIV,O=S1(=O)CS(=O)(=O)CS(=O)(=O)C1,0,5798
HIV,ClC(Cl)(Cl)C1OCOC(C(Cl)(Cl)Cl)OCO1,0,5799
HIV,O=C1C2:C(O):C:C(O):C:C:2OC(C2:C:C:C(O):C(O):C:2)C1O,0,5800
HIV,O=C(CCC1:C:C:C(O):C:C:1)C1:C(O):C:C(O):C:C:1OC1OC(CO)C(O)C(O)C1O,0,5801
HIV,N=C1NC(=O)CS1,0,5802
HIV,O=C1O[Al]23(OC1=O)(OC(=O)C(=O)O2)OC(=O)C(=O)O3,0,5803
HIV,O=C1C[N+]23CC[N+]45CC(=O)O[Ni-4]24(O1)(OC(=O)C3)OC(=O)C5,0,5804
HIV,CC(=O)C1:C:C2:C(:C:C:1C(C)C)CCC1C(C)(C#N)CCCC21C,0,5805
HIV,COC(=O)C1(C)CCCC2(C)C3:C:C(Br):C(C(C)C):C:C:3CCC12,0,5806
HIV,COC(=O)C1(C)CCCC2(C)C3:C:C:C:C:C:3C(OO)CC12,0,5807
HIV,COC(=O)C1(C)CCCC2(C)C3:C:C:C(C(C)C):C:C:3C(=O)CC12,0,5808
HIV,C=C(C)C1:C:C:C2:C(:C:1)C(=O)CC1C(C)(C#N)CCCC21C,0,5809
HIV,CC(C)C1:C:C:C2:C(:C:1)CCC1C2(C)CCCC1(C)C(O)C1:C:C:C:C:C:1,0,5810
HIV,CC(=O)OC(C)(C)C1:C:C:C2:C(:C:1)C(=O)CC1C(C)(C#N)CCCC21C,0,5811
HIV,CC(O)C1:C:C:C2:C(:C:1)C(O)CC1C(C)(CO)CCCC21C,0,5812
HIV,CC(C)C1(Cl)CCC2C3(C)CCCC(C)(C(=O)O)C3CC(Cl)C2(Cl)C1Cl,0,5813
HIV,COC(=O)C1(C)CCCC2(C)C3:C:C:C(C(C)C):C:C:3C(=O)C(Br)C12,0,5814
HIV,CNC=O,0,5815
HIV,COC1:C:C:C(CC(N)C(=O)NC2C(CO)OC(N3:C:N:C4:C(N(C)C):N:C:N:C:4:3)C2O):C:C:1,0,5817
HIV,O=[As]O,0,5818
HIV,CCC1:N:C(N):N:C(N):C:1C1:C:C:C(Cl):C(Cl):C:1,0,5819
HIV,O=C(NC(CO)C(O)C1:C:C:C([N+](=O)[O-]):C:C:1)C(Cl)Cl,0,5820
HIV,CC1(C)NC(=N)NC(=N)N1C1:C:C:C(Cl):C(Cl):C:1,0,5821
HIV,CC(C)(CO)C(O)C(=O)NCCS(=O)(=O)O,0,5822
HIV,CC[N+](C)(C)C1:C:C:C(C(=C2C=CC(=[N+](C)C)C=C2)C2:C:C:C(N(C)C):C:C:2):C:C:1,0,5823
HIV,CNC1CCC2:C:C(OC):C(OC):C(OC):C:2C2:C:C:C(OC):C(=O):C:C:21,0,5824
HIV,NC1:C:C([As]=[As]C2:C:C:C(O):C(N):C:2):C:C:C:1O,0,5825
HIV,OC1:N:C(O):C2:N:N:O:C:2:N:1,0,5826
HIV,N=C1NCCS1,0,5827
HIV,NNC(=O)C(CC(C(=O)NN)C(=O)NN)C(=O)NN,0,5828
HIV,O=C(O)CC1:C:C(=O):[NH]:N(C2:C:C:C:C:C:2):C:1=O,0,5829
HIV,NC(=O)C(=O)NN=CC1:C:C:C([N+](=O)[O-]):O:1,0,5830
HIV,C[N+]1=CC2:C:C:C:C:C:2O[Cu-3]12OC1:C:C:C:C:C:1C=[N+]2C,0,5831
HIV,CCCCS(=O)(=O)O,0,5832
HIV,COC1:C:C:C2:C(:C:C:C(=O):N:2C):C:1,0,5833
HIV,CC(CN1CCCCC1)SSC(C)CN1CCCCC1,0,5834
HIV,CN1:C(SSC2:C:C:C(C3:C:C:C:N:C:3):N:2C):C:C:C:1C1:C:C:C:N:C:1,0,5835
HIV,O=C1N(CO)C2C(N1CO)N(CO)C(=O)N2CO,0,5836
HIV,CC(=O)OC1CCC2(C)C3=CCC4(C)C(C(C)=O)CCC4C34C=CC2(C1)C1C(=O)OC(=O)C14,0,5837
HIV,CNC(=O)C(C)C1C(=O)C(=C(O)C=CC(C)=CC(C)C2OC3(C)OC(C=CC34CO4)C2C)C(=O)N1C1CCC(O)C(C)O1,0,5838
HIV,CCCCCC(O)C1C(=O)OC(C)C(O)C=CC=CC=CC=CC=C(C)C(O)CC(O)CC(O)CC(O)CC(O)CC(O)CC1O,0,5839
HIV,CCC(C(=O)O)C1:C:C:C([N+](=O)[O-]):C:C:1.COC1:C:C2:C(:C:C:1OC)C13CCN4CC5=CCOC6CC(=O)N2C1C6C5CC43,0,5840
HIV,CCC(C)OC(=O)C1:C:C:C:C:C:1C(=O)O.COC1:C:C2:C(:C:C:1OC)C13CCN4CC5=CCOC6CC(=O)N2C1C6C5C4C3,0,5841
HIV,O=C1:S:S:C(=NC2:C:C:C:C:C:2):N:1C1:C:C:C:C:C:1,0,5842
HIV,CCCN=C1:S:S:C(=O):N:1CCC,0,5843
HIV,CCCCN=C1:S:S:C(=O):N:1CCCC,0,5844
HIV,O=C1:S:S:C(=NC2:C:C:C(Cl):C:C:2):N:1C1:C:C:C(Cl):C:C:1,0,5845
HIV,CCCCCCCN=C1:S:S:C(=O):N:1CCCCCCC,0,5846
HIV,NS(=O)(=O)C1:C:C(O):N:C(O):N:1,0,5847
HIV,CS(=O)(=O)C1:C:C(O):N:C(O):N:1,0,5848
HIV,CCS(=O)(=O)C1:C:C(O):N:C(O):N:1,0,5849
HIV,O=S(=O)(CC1:C:C:C:C:C:1)C1:C:C(O):N:C(O):N:1,0,5850
HIV,CC1:O:C(C):C2:C:1C(=O)C1:C:C:C:C:C:1C2=O,0,5851
HIV,NC1:N:C(O):C2:C(:N:1)NCC(CNC1:C:C:C(C(=O)NC(CCC(=O)O)C(=O)O):C:C:1)N2C=O,0,5852
HIV,CCOC(=O)NC1:C:C:C(C(=O)C=CC2:C:C:C(N(CC)CC):C:C:2):C:C:1,0,5853
HIV,CC1NC(C)SC(C)S1,0,5854
HIV,N#CNC(=N)NC(=O)C=CC=CC1:C:C:C(Cl):C:C:1,0,5855
HIV,O=C(O)C=CC(=O)NNC(=O)C=CC(=O)O,0,5856
HIV,CC1C(=O)N2C(=O)C(C)C(C)C(=O)N2C(=O)C1C,0,5857
HIV,O=C(O)CCC(=O)NNC(=O)CCC(=O)O,0,5858
HIV,NC1:C:C:C(C2:C:C:C(N):C(S(=O)(=O)O):C:2):C:C:1S(=O)(=O)O,0,5859
HIV,CCC(CS(=O)(=O)O)[N+](=O)[O-],0,5860
HIV,OC1:N:N:C(O):C2:N:C:C:C:C:1:2,0,5861
HIV,ClC1:N:C(Cl):N:C(NC2:C:C:C:C:C:2Cl):N:1,0,5862
HIV,O=NC1:C:C:C(O):C2:N:C:C:C:C:1:2,0,5863
HIV,C1:C:C:C2:C(:C:1)SC1=[S+][Cu-3]3([S+]=C4SC5:C:C:C:C:C:5N43)N12,0,5864
HIV,CC(=O)NC1:C2:S:S:C:C2:N(C):C:1=O,0,5865
HIV,[O-][N+]1=CC2:C:C:C:[O+]:2[Cu-3]12[N+]([O-])=CC1:C:C:C:[O+]:12,0,5866
HIV,O=C1O[Cu-3]2(NC3:C:C:C:C:C:31)NC1:C:C:C:C:C:1C(=O)O2,0,5867
HIV,CCN(CC)C(=S)S[Se](SC(=S)N(CC)CC)(SC(=S)N(CC)CC)SC(=S)N(CC)CC,0,5868
HIV,C1COCCN1.S=C(S)N1CCOCC1,0,5869
HIV,CC1=NNC(=O)C1,0,5870
HIV,O=C1:C:C:C2:C:C(Cl):C:C:C:2:O:1,0,5871
HIV,CN(C)C1:C:C:C(C=CC2:C:C:N:C3:C:C:C:C:C:2:3):C:C:1,0,5872
HIV,CN(C)C1:C:C:C(C=CC2:C:C:C3:C:C:C:C:C:3:[N+]:2C):C:C:1,0,5873
HIV,CN(C)C1:C:C:C(C=CC2:C:C:[N+](C):C3:C:C:C:C:C:2:3):C:C:1,0,5874
HIV,CC1:C:C:C2:C:C:C3:C:C:C(C):N:C:3:C:2:N:1,0,5875
HIV,O=S(=O)(O)C1:C:C:C2:C(N=NC3:C:C:C(S(=O)(=O)O):C4:C:C:C:C:C:3:4):C(O):C(S(=O)(=O)O):C:C:2:C:1,0,5876
HIV,O=C1OC(=O)C2C1C(C1:C:C:C:C:C:1)N1C3C(=O)OC(=O)C3C(C3:C:C:C:C:C:3)N21,0,5877
HIV,CCN(CC1:C:C:C:C(S(=O)(=O)O):C:1)C1:C:C:C(C(=C2C=CC(=[N+](CC)CC3:C:C:C:C(S(=O)(=O)O):C:3)C=C2)C2:C:C:C:C:C:2S(=O)(=O)O):C:C:1,0,5878
HIV,COC1:C:C:C(C=CC(=O)O):C:C:1OC,0,5879
HIV,CC1:C:C:C(S(=O)(=O)NC2:C:C:C:C3:C(O):N:C:N:C:2:3):C:C:1,0,5880
HIV,CCN(CCO)CCCC(C)NC1:C:C:N:C2:C:C(Cl):C:C:C:1:2.O=S(=O)(O)O,0,5881
HIV,C1:C:C:C(C2=NC3(CCCCC3)N=C2C2:C:C:C:C:C:2):C:C:1,0,5882
HIV,CSC1:N:C(N):N:C(N):N:1,0,5883
HIV,NC1:N:C(N):N:C(C2:C:C:C:C:C:2C2:N:C(N):N:C(N):N:2):N:1,0,5884
HIV,C1CN2CN1CN1CCN(C1)C2,0,5885
HIV,N=C(N)NC1:N:N:N:[NH]:1,0,5886
HIV,O=[N+]([O-])C1:C:C(S(=O)(=O)C2:C:C:C(Cl):C([N+](=O)[O-]):C:2):C:C:C:1Cl,0,5887
HIV,O=C1N(Cl)C2(C3:C:C:C:C:C:3)N(Cl)C(=O)N(Cl)C2(C2:C:C:C:C:C:2)N1Cl,0,5888
HIV,NC1:N:C(N):N:C(SCCOCCSC2:N:C(N):N:C(N):N:2):N:1,0,5889
HIV,CCCC1CC=CC=CC=CC=CC(OC2OC(C)C(O)C(N)C2O)CC(O)C(C(=O)O)C(O)CC(=O)CC(O)CCCC(=O)CC(O)C(CC)C(=O)O1.O=S(=O)(O)O,0,5890
HIV,O=C1:C2:C:C:C:C:C:2:O:C2:C:C([N+](=O)[O-]):C:C([N+](=O)[O-]):C:1:2,0,5891
HIV,CC12CCC(C(=O)OC1=O)C2(C)C,0,5892
HIV,C[Si](C)(CCC(=O)O)O[Si](C)(C)CCC(=O)O,0,5893
HIV,O=[N+]([O-])C1:C:C:C(SSC2:C:C:C([N+](=O)[O-]):C:C:2):C:C:1,0,5894
HIV,COC1:C:C:C(C2C3:C:C(OC):C(OC):C:C:3CC3C(=O)OCC32):C:C:1OC,0,5895
HIV,O=S(=O)(O)C(Br)(Br)Br,0,5896
HIV,O=C(O)C1:C:C:C(S(=O)(=O)O):O:1,0,5897
HIV,OCC(S)CS,0,5898
HIV,O=C(O)C(O)(O)C(O)(O)C(=O)O,0,5899
HIV,CC1=[O+][V-]2(=O)([O+]=C(C)C1)[O+]=C(C)CC(C)=[O+]2,0,5900
HIV,CC1=[O+][Zr]234([O+]=C(C)C1)([O+]=C(C)CC(C)=[O+]2)([O+]=C(C)CC(C)=[O+]3)[O+]=C(C)CC(C)=[O+]4,0,5901
HIV,CC(=O)OC1:C:C:C2:C(:C:1)OC1:C:C(OC(C)=O):C:C:C:1C21OC(=O)C2:C:C:C:C:C:21,0,5902
HIV,N=C1:[NH]:N:C:S:1,0,5903
HIV,CCCCC(CC)COS(=O)(=O)O,0,5904
HIV,O=C1CSC(=O)N1C1:C:C:C:C:C:1,0,5905
HIV,O=C(O)C1=NN(C2:C:C:C(S(=O)(=O)O):C:C:2)C(=O)C1N=NC1:C:C:C(S(=O)(=O)O):C:C:1,0,5906
HIV,OC1:C:C:C(O):C([PH](C2:C:C:C:C:C:2)(C2:C:C:C:C:C:2)C2:C:C:C:C:C:2):C:1,0,5907
HIV,O=NC1:C:C:C(N=O):C:C:1,0,5908
HIV,S=C(SSSSC(=S)N1CCCCC1)N1CCCCC1,0,5909
HIV,CC(C)S(=O)(=O)O,0,5910
HIV,CCN(CC)C(=S)S,0,5911
HIV,O=C1C2:C:C:C(O):C(O):C:2C(=O)C2:C(O):C:C:C(O):C:21,0,5912
HIV,OCC1OC(N2:C:N:C3:C(Cl):N:C:N:C:3:2)C(O)C1O,0,5913
HIV,OC1:N:C:C(S):C(O):N:1,0,5914
HIV,CC1:N:C(N):C2:C:N:N(C):C:2:N:1,0,5915
HIV,CC1:N:[NH]:C2:C(N(C)C):N:C:N:C:1:2,0,5916
HIV,CC(C)=C1C=C2CCC3C(C)(C(=O)O)CCCC3(C)C2CC1,0,5917
HIV,CCN(CC)C1:C:C:C(C(=C2C=CC(=[N+](CC)CC)C=C2)C2:C:C:C:C:C:2):C:C:1.O=S(=O)(O)O,0,5918
HIV,O=NC1:C:C:C2:C:C:C:C:C:2:C:1O,0,5919
HIV,C1:C:C:C(N2N=C3N(C4:C:C:C:C:C:4)C2N3C2:C:C:C:C:C:2):C:C:1,0,5920
HIV,CN(C)C1:C:C:C(C=C2SC(=S)NC2=O):C:C:1,0,5921
HIV,CC1:C:C:C2:N:C(C3:C:C:C(N=NNC4:C:C:C(C5:N:C6:C:C:C(C):C(S(=O)(=O)O):C:6:S:5):C:C:4):C:C:3):S:C:2:C:1S(=O)(=O)O,0,5922
HIV,O=C(N=NC1:C:C:C:C:C:1)NNC1:C:C:C:C:C:1.O=C(NNC1:C:C:C:C:C:1)NNC1:C:C:C:C:C:1,0,5923
HIV,CC1:C:C(O):C:C(O):C:1N=NC1:C:C:C([N+](=O)[O-]):C:C:1,0,5924
HIV,NC1:C:C:C(N=NC2:C:C:C(C=CC3:C:C:C(N=NC4:C:C:C(N):C5:C:C:C:C:C:4:5):C:C:3S(=O)(=O)O):C(S(=O)(=O)O):C:2):C2:C:C:C:C:C:1:2,0,5925
HIV,O=C(O)CC1OCC=C2CN3CCC45C6=CC(=O)C(=O)C([N+](=O)[O-])=C6NC4C1C2CC35,0,5926
HIV,CCCCCCCCCCCCCCC(C(=O)O)S(=O)(=O)O,0,5927
HIV,O=C1:C(C2:C:C:C(O):C:C:2):C:O:C2:C:C(OC3OC(CO)C(O)C(O)C3O):C:C(O):C:1:2,0,5928
HIV,CC1:C(O):C:C:C2:C(O):C(NC(=O)C3:C:C:C4:C(:C:3)CCC(C)(C)O4):C(=O):O:C:1:2,0,5929
HIV,C1CN2CCOB(O1)OCC2,0,5930
HIV,CCCCOC(=S)SSC(=S)OCCCC,0,5931
HIV,O=C1:C2:C:C:C:C:C:2:C2:C:C:C3:C4:C:C:C5:C(=O):C6:C:C:C:C:C:6:C6:C:C:C(:C7:C:C:C:1:C:2:C:7:3):C:4:C:5:6,0,5932
HIV,CC[Sn](Cl)(CC)CC,0,5933
HIV,CC1:C:C(=O):O:C2:C:C(O):C:C(O):C:1:2,0,5934
HIV,COC(=O)C1:C:C:C:C:C:1SSC1:C:C:C:C:C:1C(=O)OC,0,5935
HIV,COC1:C:C:C2:C(:C:1OC)C(=O)OC2C1C2:C(:C:C3:C(:C:2OC)OCO3)CCN1C,0,5936
HIV,O=[N+]([O-])C1:C:C:C(N=NC2:C:C:C(O):C3:C(O):C:C(S(=O)(=O)O):C:C:2:3):C:C:1S(=O)(=O)O,0,5937
HIV,CCCC(C)SP(=S)(SC(C)CCC)SC(C)CCC,0,5938
HIV,CCN(CC)CCCC(C)NC1:C:C(C2:C:C:C:C:C:2):N:C2:C:C:C(OC):C:C:1:2.O=P(O)(O)O,0,5939
HIV,CCCCCCCCCCCCCCCCCCN(C)C,0,5940
HIV,CC1OC(OC2C(COC3:C:C(O):C4:C(:C:3)OC(C3:C:C:C(O):C:C:3)CC4=O)OOC(CO)C2O)C(O)C(O)C1O,0,5941
HIV,O=NC1:C:C:C(O):C:C:1O,0,5942
HIV,CCCCCCOP(OCCCCCC)OCCCCCC,0,5943
HIV,CC(=NN=C(C)C1CC(CC(=O)O)C1(C)C)C1CC(CC(=O)O)C1(C)C,0,5944
HIV,CCCCCCCCCCCCCCCC[N+](C)(C)CCN(CC1:C:C:C(OC):C:C:1)C1:N:C:C:C:N:1,0,5945
HIV,CCCCCCCCCCCCCCCCC(C(=O)O)S(=O)(=O)O,0,5946
HIV,NC1:C:C:C2:C(:C:1)N[Cu-3]1(NC3:C:C(N):C:C:C:3O1)O2,0,5947
HIV,C1CCC2:N:N:N:N:2CC1,0,5948
HIV,CC1=[O+][Cu-3]2([O+]=C(C)CC(NC3:C:C:C:C:C:3)=[O+]2)[O+]=C(NC2:C:C:C:C:C:2)C1,0,5949
HIV,O=[N+]([O-])C1:C:C:C(S(=O)(=O)NN2CCOCC2):C:C:1,0,5950
HIV,O=[N+]([O-])C1:C:C:C(S(=O)(=O)NN=CC2:C:C:C:O:2):C:C:1,0,5951
HIV,O=[N+]([O-])C1:C:C:C(S(=O)(=O)NN=C2CCCCC2):C:C:1,0,5952
HIV,CC(=O)NC1:C:C:C(S(=O)(=O)NN=CC2:C:C:C:O:2):C:C:1,0,5953
HIV,CC(C=CC1:C:C:C:C:C:1)=NNS(=O)(=O)C1:C:C:C([N+](=O)[O-]):C:C:1,0,5954
HIV,CC1CCCN1C1:C:C:N:C2:C:C(Cl):C:C:C:1:2,0,5955
HIV,CN(C)C(=O)N1CC[N+](C)([O-])CC1,0,5956
HIV,COC1:C:C(C):C:C2:C:1OC(C1:C:C:C:C:C:1)CC2=O,0,5957
HIV,CC(=O)C1:C(O):C(C):C(O):C2:C:1OC1=CC(=O)C(C(C)=O)C(=O)C12C,0,5958
HIV,C=C1C(=O)OC(CCCCCCCCCCCCC)C1C(=O)O,0,5959
HIV,CC(CCC(C)C(=O)O)C(=O)O,0,5960
HIV,O=C(NC1:C:C:C:C:C:1)NC1:C:C:C:C:N:1,0,5961
HIV,CC1CCCC2(C1)OCC(O)CO2,0,5962
HIV,O=C1:C2:C:C3:C(=O):N(O):C(=O):C:3:C:C:2:C(=O):N:1O,0,5963
HIV,CC(=NNC1:C:C:C([N+](=O)[O-]):C:C:1[N+](=O)[O-])C1:C:C:C:C:C:1,0,5964
HIV,CCCCC(CC)CO[Si](OCC(CC)CCCC)(OCC(CC)CCCC)OCC(CC)CCCC,0,5965
HIV,O=C(O)C1C2OC3C(OC(=O)C31)C2Br,0,5966
HIV,CC1=CC(=C(C2:C:C(C):C(O):C(Br):C:2)C2:C:C:C:C:C:2S(=O)(=O)O)C=C(Br)C1=O,0,5967
HIV,O=C(O)C1:C:C(I):C:C(I):C:1O,0,5968
HIV,C=CCC1:C:C(C2:C:C(CC=C):C(O):C(CN(CC)CC):C:2):C:C(CN(CC)CC):C:1O,0,5969
HIV,CC(CCN1CCN(CCC(C)CC(C)(C)C)S1(=O)=O)CC(C)(C)C,0,5970
HIV,O=C1NCCN1N=CC1:C:C:C([N+](=O)[O-]):O:1,0,5971
HIV,CCCSP(SCCC)SCCC,0,5972
HIV,CCCCOP(=S)(OCCCC)OCCCC,0,5973
HIV,CC(O)=C[PH](C1:C:C:C:C:C:1)(C1:C:C:C:C:C:1)C1:C:C:C:C:C:1,0,5974
HIV,CC(=O)C[PH](C1:C:C:C:C:C:1)(C1:C:C:C:C:C:1)C1:C:C:C:C:C:1,0,5975
HIV,OC(=C[PH](C1:C:C:C:C:C:1)(C1:C:C:C:C:C:1)C1:C:C:C:C:C:1)C1:C:C:C:C:C:1,0,5976
HIV,O=C(C[PH](C1:C:C:C:C:C:1)(C1:C:C:C:C:C:1)C1:C:C:C:C:C:1)C1:C:C:C:C:C:1,0,5977
HIV,O=C1CSC(=O)N1,0,5978
HIV,S=C1SCCS1,0,5979
HIV,OCC1(CO)CCCC(CO)(CO)C1O,0,5980
HIV,CCCCCCC(=O)C(O)C(O)C(=O)CCCCCCCC(=O)O,0,5981
HIV,NC1:C:C(Cl):C:C:C:1S,0,5982
HIV,O=[N+]([O-])C1:C:C:C2:C(N=NC3:C:C:C4:C:C:C:C:C:4:C:3O):C(O):C:C(S(=O)(=O)O):C:2:C:1,0,5983
HIV,CC1:C:C(C2(C3:C:C:C(O):C(C):C:3)OS(=O)(=O)C3:C:C:C:C:C:32):C:C:C:1O,0,5984
HIV,O=C1C2:C:C:C:C:C:2C(=O)C2:C(NC3:C:C:C:C4:C:3C(=O)C3:C:C:C:C:C:3C4=O):C:C:C:C:21,0,5985
HIV,N=C(N)N.O=S(=O)(O)O,0,5986
HIV,CC[N+]12CN3CN(CN(C3)C1)C2,0,5987
HIV,O=C1C=C2CC3(O)COC4:C(:C:C:C(O):C:4O)C3=C2C=C1O,0,5988
HIV,O=C1C[N+]23CC[N+]45CC(=O)O[Cu-5]24(O1)(OC(=O)C3)OC(=O)C5,0,5989
HIV,OCCCN(CCO)CCN(CCCO)CCCO,0,5990
HIV,CC1:N:C(N):N:C(N):C:1C1:C:C:C(Cl):C(Cl):C:1,0,5991
HIV,COC1:C2:C(:C:C3:C:1OCO3)C13C=CC(OC)CC1N(CC3)C2.[O-][Cl+3]([O-])([O-])O,0,5992
HIV,CC1=C2C(=O)C3C(CC=C4CC(O)CCC43C)C2CCC12OC1CC(C)CNC1C2C,0,5993
HIV,CC1OC(OC2C=C3CCC4C(CCC5(C)C(C6:C:C:C(=O):O:C:6)CCC45O)C3(C)CC2)C(O)C(O)C1O,0,5994
HIV,COC1CC(OC2CCC3(C=O)C4CCC5(C)C(C6=CC(=O)OC6)CCC5(O)C4CCC3(O)C2)OC(C)C1O,0,5995
HIV,CC1OC(OC2C=C3CCC4C(CCC5(C)C(C6:C:C:C(=O):O:C:6)CCC45O)C3(C)CC2)C(O)C(OC2OC(CO)C(O)C(O)C2O)C1O,0,5996
HIV,CCC(C)C(=O)OC1C(O)C2C(CN3CC(C)CCC3C2(C)O)C2CC34OC5(O)C(OC(=O)C(C)(O)CC)CCC3(C)C5C(OC(C)=O)C(OC(C)=O)C4C21O,0,5997
HIV,CC1:C:C(O):N2:C:N:N:C:2:N:1,0,5998
HIV,O=C1C2=C(C(=O)C3:C:C:C:C:C:31)C(O)(S(=O)(=O)O)C(O)(S(=O)(=O)O)C1N=CC=CC21,0,5999
HIV,CC(=O)C1C(=O)OC2C3C=CC(C3)C2C1=O,0,6000
HIV,CC(C)(O)S(=O)(=O)O,0,6001
HIV,[O-][N+]1=C2:C(:[NH]:C3:C:C:C:C:C:2:3)=[O+][Cu-3]12[O+]=C1:[NH]:C3:C:C:C:C:C:3:C:1=[N+]2[O-],0,6002
HIV,C[N+]1:C:C:C:C:C:1C=NO,0,6003
HIV,CCCCCCCCOC(=O)CC(C(=O)OCCCCCCCC)S(=O)(=O)O,0,6004
HIV,CCCCCCCCCCCCCOC(=O)CC(C(=O)OCCCCCCCCCCCCC)S(=O)(=O)O,0,6005
HIV,O=C1C2:C:C:C:C:C:2C(=O)C2:C1:C:C(S(=O)(=O)O):C(O):C:2O,0,6006
HIV,O=C(O)C1:C:C(N=NC2:C:C:C:C([N+](=O)[O-]):C:2):C:C:C:1O,0,6007
HIV,O=C1C=CC(=C(C2:C:C:C(O):C:C:2)C2:C:C:C(O):C:C:2)C=C1,0,6008
HIV,O=S(=O)(O)C1:C:C:C(N=NC2:C:C(S(=O)(=O)O):C3:C:C:C:C:C:3:C:2O):C2:C:C:C:C:C:1:2,0,6009
HIV,O=S(=O)(O)C1:C:C:C(N=NC2:C:C:C(N=NC3:C:C:C:C4:C:C:C:C:C:3:4):C(S(=O)(=O)O):C:2):C:C:1,0,6010
HIV,CC1:C(C2(C3:C:C(Br):C(O):C(Br):C:3C)OS(=O)(=O)C3:C:C:C:C:C:32):C:C(Br):C(O):C:1Br,0,6011
HIV,O=S1(=O)OC(C2:C:C(Br):C(O):C(Br):C:2)(C2:C:C(Br):C(O):C(Br):C:2)C2:C:C:C:C:C:21,0,6012
HIV,NC1:C(N=NC2:C:C:C([N+](=O)[O-]):C:C:2):C(S(=O)(=O)O):C:C2:C:C(S(=O)(=O)O):C(N=NC3:C:C:C:C:C:3):C(O):C:1:2,0,6013
HIV,O=S1(=O)OC(C2:C:C:C(O):C(Cl):C:2)(C2:C:C:C(O):C(Cl):C:2)C2:C:C:C:C:C:21,0,6014
HIV,O=S(=O)(O)C1:C:C:C:C2:C(N=NC3:C:C:C(N=NC4:C:C:C(NC5:C:C:C:C:C:5):C5:C(S(=O)(=O)O):C:C:C:C:4:5):C4:C:C:C:C:C:3:4):C:C:C:C:1:2,0,6015
HIV,O=S(=O)(O)C1:C:C(S(=O)(=O)O):C2:C(N=NC3:C:C:C(N=NC4:C:C:C:C:C:4):C:C:3):C(O):C:C:C:2:C:1,0,6016
HIV,N=C(N)NN.O=C(O)O,0,6017
HIV,N=C(N)NCCCC(N)C(=O)O,0,6018
HIV,O=C1C=C2C(=CCOC2O)O1,0,6019
HIV,O=C(O)C=CCCCCCCCCC(=O)O,0,6020
HIV,CC(=O)C(C)(CCC(=O)O)CCC(=O)O,0,6021
HIV,N#CNC(=N)NC#N,0,6022
HIV,N#CN(CS(=O)(=O)O)C(=N)N,0,6023
HIV,N=C1:N:C2:[NH]:[NH]:C(=N):N:2:C(=N):[NH]:1,0,6024
HIV,NC1:C:C:C:C:C:1SSC1:C:C:C:C:C:1N,0,6025
HIV,CC(C)(C)CC(C)(C)SSC1:N:[NH]:C(=S):S:1,0,6026
HIV,CC(CN(C)C)SC1:N:N:C(SC(C)CN(C)C):S:1,0,6027
HIV,C=CC1:C:C:C(CC):C:N:1,0,6028
HIV,O=C(O)C1:C:C(O):C:C:C:1O,0,6029
HIV,OC1:C:C:C:C:C:1C1SC(C2:C:C:C:C:C:2O)SC(C2:C:C:C:C:C:2O)S1,0,6030
HIV,O=S(=O)(O)C(C(I)I)S(=O)(=O)O,0,6031
HIV,O=S(=O)(O)CS(=O)(=O)O,0,6032
HIV,O=C1C=C(O)C(=O)C2:C:C:C:C:C:21,0,6033
HIV,O=C1C(=C2NC3:C:C:C(S(=O)(=O)O):C:C:3C2=O)NC2:C:C:C(S(=O)(=O)O):C:C:21,0,6034
HIV,OC1:C:C:C2:C(:C:1)OCC1(O)CC3:C:C(O):C(O):C:C:3C21,0,6035
HIV,OC1:C:C2:C(:C:C:1O)C1C3:C:C:C(O):C(O):C:3OCC1(O)C2,0,6036
HIV,CC[N+]1:C2:C:C:C(C):C:C:2:N:C2:C3:C:C:C:C:C:3:C(N):C:C:2:1,0,6037
HIV,CC1:C:C(C(=C2C=CC(=[N+](C)C)C=C2)C2:C:C:C([N+](C)(C)C):C:C:2):C:C:C:1N(C)C,0,6038
HIV,CCN(CC)C1:C:C:C(C(=C2C=CC(=[N+](CC)CC)C=C2)C2:C:C:C(N(CC)CC):C:C:2):C:C:1,0,6039
HIV,CN(C)P(=O)(OP(=O)(N(C)C)N(C)C)N(C)C,0,6040
HIV,C=CS(=O)(=O)O,0,6041
HIV,IC1:N:C(C2:C:C:C:C:C:2):[NH]:C:1I,0,6042
HIV,CC1(C)SSC(C)(C)SS1,0,6043
HIV,CCCC(C(=O)OCC(C)N1CCCC1(C)C)C1CCCC1,0,6044
HIV,O=C(OCCN1CCCC12CCCCC2)C(C1:C:C:C:C:C:1)C1CCCC1,0,6045
HIV,CC(=O)C1CCC2C1(C)CC1OC13C21C=CC2(CC(O)CCC23C)C2C(=O)OC(=O)C21,0,6046
HIV,CC12CCC(=O)C=C1CCC1C2C(O)CC2(C)C1CCC2(O)C(=O)COC(=O)CCC(=O)O,0,6047
HIV,C[N+]1(CCC(C(N)=O)(C2:C:C:C:C:C:2)C2:C:C:C:C:C:2)CCCC12CCCCC2,0,6048
HIV,CN(C)C1C(O)=C(C(N)=O)C(=O)C2(O)C(O)=C3C(=O)C4:C(O):C:C:C:C:4C(C)(O)C3C(O)C12,0,6049
HIV,CC1OC(OCC2OC(OC3:C(C4:C:C:C(O):C(O):C:4):O:C4:C:C(O):C:C(O):C:4:C:3=O)C(O)C(O)C2O)C(O)C(O)C1O,0,6050
HIV,CC1OC(OC2:C(C3:C:C:C(O):C(O):C:3):O:C3:C:C(O):C:C(O):C:3:C:2=O)C(O)C(O)C1O,0,6051
HIV,CN(C)C1:C:C:C2:N:C3:C(:C:C:C4:C:C:C:C:C:4:3):[O+]:C:2:C:1,0,6052
HIV,CCN(CC)CCCOP(=O)(OCCCN(CC)CC)OCCCN(CC)CC,0,6053
HIV,OC1:N:N:C(O):C2:C:1:[NH]:C(=S):N:2C1:C:C:C:C:C:1,0,6054
HIV,CC1:N:C:C2:C(:N:1)NC(=O)NC2,0,6055
HIV,O=S(=O)(O)C1:C:C:C(NN(C2:C(O):C:C:C3:C:C:C:C:C:2:3)S(=O)(=O)O):C:C:1,0,6056
HIV,CC1:C:C(O):C:C:C:1C1(C2:C:C:C(O):C:C:2C)OS(=O)(=O)C2:C:C:C:C:C:21,0,6057
HIV,CCN(CC1:C:C:C:C(S(=O)(=O)O):C:1)C1:C:C:C(C(=C2C=CC(=[N+](CC)CC3:C:C:C:C(S(=O)(=O)O):C:3)C=C2)C2:C:C:C(S(=O)(=O)O):C:C:2):C:C:1,0,6058
HIV,COC1C(O)CCC2(CO2)C1C1(C)OC1CC=C(C)C,0,6059
HIV,COC1:C:C:C2:C(:C:1)CCCN2CCCCCCCCCCN(CCC(C)C)CCC(C)C,0,6060
HIV,CC12CCC(=O)C=C1CCC1C2C(=O)CC2(C)C1CCC2(O)C(=O)CO,0,6061
HIV,CC(=O)C1CCC2C3CCC4=CC(=O)CCC4(C)C3CCC12C,0,6062
HIV,C1CN1C1:N:C(N2CC2):N:C(N2CC2):N:1,0,6063
HIV,CC(=O)C1CCC2C1(C)CC=C1C23C=CC2(CC(O)CCC12C)C(C(=O)O)C3C(=O)O,0,6064
HIV,CC1:C:C(S(=O)(=O)O):C:C:C:1N=NC1:C:C:C(N=NC2:C:C(S(=O)(=O)O):C3:C:C:C:C:C:3:C:2O):C(C):C:1,0,6065
HIV,CC12CCC3C(CC=C4CC(O)CCC43C)C1CCC2=O,0,6066
HIV,CC(=O)OCC[N+](C)(C)C.CCCCC(CC)COC(=O)CC(C(=O)OCC(CC)CCCC)S(=O)(=O)O,0,6067
HIV,OC1:N:N:C(O):C2:[NH]:C:N:C:1:2,0,6068
HIV,COC1:C:C:C2:N:C(C):C:C(NCCCCCCCCCNC3:C:C(C):N:C4:C:C:C(OC):C:C:3:4):C:2:C:1,0,6069
HIV,CCC(N)CS(=O)(=O)O,0,6070
HIV,CC1:C:C(N=NC2:C:C:C([N+](=O)[O-]):C:C:2):C(NCC(O)C(O)C(O)CO):C:C:1C,0,6071
HIV,N#CC1(C2:C:C:C:C:C:2)CCOCC1,0,6072
HIV,CC1=CC(C)=NC2:C:C:C:C:C:2N1,0,6073
HIV,COC1:C:C2:C(:C:C:1OC)NC(C)=CC(C)=N2,0,6074
HIV,COC1:C:C:C2:C(:C:1OC)CC1COCC21,0,6075
HIV,COC1:C:C([N+](=O)[O-]):C([N+](=O)[O-]):C([N+](=O)[O-]):C:1OC,0,6076
HIV,CC1=CC(C)=NC2:C:C(Cl):C:C:C:2N1,0,6077
HIV,CCOC=C1C(=O)N(C(C)=O)C2:C:C(OC):C(OC):C:C:21,0,6078
HIV,C1=C(C2:C:C:C:C:C:2)NC2:C:C:C:C:C:2N=C1C1:C:C:C:C:C:1,0,6079
HIV,COC1:C:C:C2:C(:C:1OC)C(=O)OC2C1:C2:C(:C(OC):C3:C:1OCO3)C(C1OC(=O)C3:C1:C:C:C(OC):C:3OC)N(C)CC2,0,6080
HIV,CN1BN(C)BN(C)B1,0,6081
HIV,O=C1:O:C2:C:C:C([N+](=O)[O-]):C:C:2:C:C:1Br,0,6082
HIV,CC1:C:C:C(C=C2CCOC2=O):C:C:1,0,6083
HIV,S=P(N1CCOCC1)(N1CC1)N1CC1,0,6084
HIV,O=S(=O)(O)C1:C:C:C(N=NC2:C:C:C(O):C:C:2O):C:C:1,0,6085
HIV,CC1:C:C:C(N=NC2:C(O):C(S(=O)(=O)O):C:C3:C:C(S(=O)(=O)O):C:C:C:2:3):C(C):C:1,0,6086
HIV,N=C1C=CC(=C(C2:C:C:C(N):C:C:2)C2:C:C:C(N):C:C:2)C=C1,0,6087
HIV,CC1:C:C:C(N=NC2:C:C:C(O):C(N=NC3:C:C:C(S(=O)(=O)O):C:C:3):C:2O):C(C):C:1,0,6088
HIV,CCCCCCCCCCCCCCCCCC(=O)O.CCN(CC)C1:C:C:C2:C(C3:C:C:C:C:C:3C(=O)O):C3:C:C:C(N(CC)CC):C:C:3:[O+]:C:2:C:1,0,6089
HIV,CNCCS(=O)(=O)O,0,6090
HIV,CSP(=S)(SC)SC(C)C1:C:C:C(C):C:C:1,0,6091
HIV,CSSC(SC)SC,0,6092
HIV,OC1CN=C2C=CC=CN2C1,0,6093
HIV,CC(=O)OC1:C:C:C2:C(:O:C(=O):C3:N:C(C):O:C:3:2):C:1C,0,6094
HIV,N#CCCN1C(=O)CCC2(CCC(=O)N(CCC#N)C2=O)C1=O,0,6095
HIV,CSC1:C:C:C(C=NC(=N)SN):C:C:1C,0,6096
HIV,O=C1:O:C2:C(:C:C:C3:C(O):C:C:C:C:3:2):C2:C:1CCCC2,0,6097
HIV,NC1:N:C(N):N:C(NC2:C:C:C([As](=O)(O)O):C:C:2):N:1,0,6098
HIV,CC(=O)C(CCC(=O)O)(CCC(=O)O)C(C)C,0,6099
HIV,CC1:C:N:C2:C:C(Cl):C:C:C:2:C:1NCCN(CC(C)C)CC(C)C.O=P(O)(O)O,0,6100
HIV,CCCCN(CCCC)CCCCNC1:C(C):C:N:C2:C:C(Cl):C:C:C:1:2.O=P(O)(O)O,0,6101
HIV,CC1:C:C:C2:O:C3:C:C:C:C:C:3:C(=O):C:2:C:1,0,6102
HIV,O=C1OS(=O)(=O)C2:C:C:C:C:C:21,0,6103
HIV,O=S1(=O)OC(C2:C:C(Br):C(O):C(Br):C:2)(C2:C:C(Br):C(O):C(Br):C:2)C2:C(Br):C(Br):C(Br):C(Br):C:21,0,6104
HIV,CC1:C:C(O):C(C(C)C):C:C:1C1(C2:C:C(C(C)C):C(O):C:C:2C)OS(=O)(=O)C2:C:C:C:C:C:21,0,6105
HIV,CC1(C)NC2:C:C:C:C3:C(N=NC4:C:C:C(N=NC5:C:C:C:C:C:5):C5:C:C:C:C:C:4:5):C:C:C(:C:2:3)N1,0,6106
HIV,NC(CCSSCCC(N)C(=O)O)C(=O)O,0,6107
HIV,CCOC(=O)COC1:C(C):C:C(SSC2:C:C(C):C(OCC(=O)OCC):C(C):C:2):C:C:1C,0,6108
HIV,O=C1C2:C:C:C:C3:C:C:C:C(:C:2:3)C(=O)N1CCO,0,6109
HIV,O=C(O)C1:C:C(N=NC2:C:C:C(N=NC3:C:C:C(S(=O)(=O)O):C:C:3):C:C:2):C:C:C:1O,0,6110
HIV,N=C1:[NH]:C(=O):C2:N:N(C3:C:C:C(C(=O)O):C:C:3):N:C:2:[NH]:1,0,6111
HIV,CC(=O)C1:C(O):C2:C:C:C:C:C:2:O:C:1=O,0,6112
HIV,O=C1CC(C2:C:C:C(O):C:C:2)OC2:C:C(O):C:C(O):C:21,0,6113
HIV,CNC1:C:C:C2:C:C3:C:C:C(NC):C:C:3:[O+]:C:2:C:1,0,6114
HIV,O=C1:C:C(O):C2:C:C:C:C:C:2:O:1,0,6115
HIV,O=C1OC2OC3OC(=O)C4C3CC2C14,0,6116
HIV,CC(C)=CCC1=C(O)C(=O)C2:C:C:C:C:C:2C1=O,0,6117
HIV,COC1:C:C(C2:[O+]:C3:C:C(O):C:C(O):C:3:C:C:2O):C:C(O):C:1O,0,6118
HIV,COC1:C:C:C:C2:C:1:C:C([N+](=O)[O-]):C1:C(C(=O)O):C:C3:C(:C:1:2)OCO3,0,6119
HIV,CCN=CC1:C(O):C(O):C(C(C)C):C2:C:C(C):C(C3:C(C):C:C4:C(C(C)C):C(O):C(O):C(C=NCC):C:4:C:3O):C(O):C:1:2,0,6120
HIV,CC1:C:C2:C(C(C)C):C(O):C(O):C(C=NCCO):C:2:C(O):C:1C1:C(C):C:C2:C(C(C)C):C(O):C(O):C(C=NCCO):C:2:C:1O,0,6121
HIV,CC1:C:C2:C(C(C)C):C(O):C(O):C(C=NCC3:C:C:O:C:3):C:2:C(O):C:1C1:C(C):C:C2:C(C(C)C):C(O):C(O):C(C=NCC3:C:C:C:O:3):C:2:C:1O,0,6122
HIV,CCCCCCN=CC1:C(O):C(O):C(C(C)C):C2:C:C(C):C(C3:C(C):C:C4:C(C(C)C):C(O):C(O):C(C=NCCCCCC):C:4:C:3O):C(O):C:1:2,0,6123
HIV,CCCCCCCCCCN=CC1:C(O):C(O):C(CCC):C2:C:C(C):C(C3:C(C):C:C4:C(CCC):C(O):C(O):C(C=NCCCCCCCCCC):C:4:C:3O):C(O):C:1:2,0,6124
HIV,C=CC1:C(C):C2:C:C3:N:C(:C4:C5:N:C(:C:C6:[NH]:C(:C:C:1:[NH]:2):C(C):C:6CC):C(C):C:5C(=O)C4C(=O)O)C(CCC(=O)O)C3C,0,6126
HIV,O1[SiH]2[SiH]3O[SiH]3[SiH]3O[SiH]3[SiH]12,0,6127